Código,Descripción,URL Imagen,URL Producto,,Precio,Vista
347011251,Destapacañerías SCHEZ x1L,LIMPIEZA INSTITUCIONAL > Limpiadores y removedores,https://dcdn-us.mitiendanube.com/stores/001/405/077/products/1-dest-canerias-schez-x1l-4ba7ba129ec30a993f17860407802696-1024-1024.webp,https://www.msanchezycia.com.ar/productos/destapacanerias-schez-x1l/,100,0
347011254,Líquido para Lampazos SCHEZ x1L,LIMPIEZA INSTITUCIONAL > Limpiadores y removedores,https://dcdn-us.mitiendanube.com/stores/001/405/077/products/2-liq-plampazos-schez-x1l-6fc4eba2dcee2b330217860408288302-1024-1024.webp,https://www.msanchezycia.com.ar/productos/liquido-para-lampazos-schez-x1l/,100,0
347011253,Desengrasante Total SCHEZ x1L,LIMPIEZA INSTITUCIONAL > Limpiadores y removedores,https://dcdn-us.mitiendanube.com/stores/001/405/077/products/3-desengr-total-schez-x1l-41b631740bc79bbde217860406009582-1024-1024.webp,https://www.msanchezycia.com.ar/productos/desengrasante-total-schez-x1l/,100,0
347011252,Quitasarro SCHEZ x1L,LIMPIEZA INSTITUCIONAL > Limpiadores y removedores,https://dcdn-us.mitiendanube.com/stores/001/405/077/products/4-quita-sarro-schez-x1l-31f71ce655df7d3bcd17860407381208-1024-1024.webp,https://www.msanchezycia.com.ar/productos/quitasarro-schez-x1l/,100,0
347011135,Elimina Olores Cañerías 1L Merclin,LIMPIEZA INSTITUCIONAL > Limpiadores y removedores,https://dcdn-us.mitiendanube.com/stores/001/405/077/products/5-elimin-olores-can-1l-mer-e81594bbee495e11a017860405441247-1024-1024.webp,https://www.msanchezycia.com.ar/productos/elimina-olores-canerias-1l-merclin/,100,0
347011108,Quitasarro Gel 500ml MERCLIN,LIMPIEZA INSTITUCIONAL > Limpiadores y removedores,https://dcdn-us.mitiendanube.com/stores/001/405/077/products/6-quita-sarro-gel-500ml-merclin-280b8db56d07309ce117860405737065-1024-1024.webp,https://www.msanchezycia.com.ar/productos/quitasarro-gel-500ml-merclin/,100,0
347011120,Destapacañerías Gel x 500ml MERCLIN,LIMPIEZA INSTITUCIONAL > Limpiadores y removedores,https://dcdn-us.mitiendanube.com/stores/001/405/077/products/7-destapa-canerias-gel-x-500ml-merclin-4c6fad39e290c9cf5217860404791432-1024-1024.webp,https://www.msanchezycia.com.ar/productos/destapacanerias-gel-x-500ml-merclin/,100,0
200110310,Glade 440 cm Fragancias Varias,DESINFECTANTES E INSECTICIDAS > Aromatizadores,https://dcdn-us.mitiendanube.com/stores/001/405/077/products/plataforma_hace_girar_productos__202608062212-online-video-cutter-com-2_1x1-7dc6583b4537f6c6cb17860807308622-1024-1024.webp,https://www.msanchezycia.com.ar/productos/glade-440-cm-fragancias-varias/,100,0
200110310,Glade 440 cm Fragancias Varias,DESINFECTANTES E INSECTICIDAS > Aromatizadores,https://dcdn-us.mitiendanube.com/stores/001/405/077/products/8-glade-440-cm-fragancias-varias-63e504d5c433736bd517860405181705-1024-1024.webp,https://www.msanchezycia.com.ar/productos/glade-440-cm-fragancias-varias/,100,1
200110310,Glade 440 cm Fragancias Varias,DESINFECTANTES E INSECTICIDAS > Aromatizadores,https://dcdn-us.mitiendanube.com/stores/001/405/077/products/8-3-glade-440-cm-fragancias-varias-5828605fc83a80b28b17860405182098-1024-1024.webp,https://www.msanchezycia.com.ar/productos/glade-440-cm-fragancias-varias/,100,2
200110310,Glade 440 cm Fragancias Varias,DESINFECTANTES E INSECTICIDAS > Aromatizadores,https://dcdn-us.mitiendanube.com/stores/001/405/077/products/8-2-glade-440-cm-fragancias-varias-7948bb225dd55ba8e817860405178860-1024-1024.webp,https://www.msanchezycia.com.ar/productos/glade-440-cm-fragancias-varias/,100,3
200110310,Glade 440 cm Fragancias Varias,DESINFECTANTES E INSECTICIDAS > Aromatizadores,https://dcdn-us.mitiendanube.com/stores/001/405/077/products/8-1-glade-440-cm-fragancias-varias-08734e4f07d442354a17860405204915-1024-1024.webp,https://www.msanchezycia.com.ar/productos/glade-440-cm-fragancias-varias/,100,4
200110831,Desodorante Clio (tipo Glade),DESINFECTANTES E INSECTICIDAS > Aromatizadores,https://dcdn-us.mitiendanube.com/stores/001/405/077/products/9-desod-clio-tglade-3ccb2d070a8da8917a17860404279526-1024-1024.webp,https://www.msanchezycia.com.ar/productos/desodorante-clio-tipo-glade/,100,0
200110831,Desodorante Clio (tipo Glade),DESINFECTANTES E INSECTICIDAS > Aromatizadores,https://dcdn-us.mitiendanube.com/stores/001/405/077/products/9-4-desod-clio-tglade-a381512dbee5a3e12717860404273774-1024-1024.webp,https://www.msanchezycia.com.ar/productos/desodorante-clio-tipo-glade/,100,1
200110831,Desodorante Clio (tipo Glade),DESINFECTANTES E INSECTICIDAS > Aromatizadores,https://dcdn-us.mitiendanube.com/stores/001/405/077/products/9-3-desod-clio-tglade-3369842251142f0f7217860404277037-1024-1024.webp,https://www.msanchezycia.com.ar/productos/desodorante-clio-tipo-glade/,100,2
200110831,Desodorante Clio (tipo Glade),DESINFECTANTES E INSECTICIDAS > Aromatizadores,https://dcdn-us.mitiendanube.com/stores/001/405/077/products/9-2-desod-clio-tglade-6fd8fadef0471d597717860404277286-1024-1024.webp,https://www.msanchezycia.com.ar/productos/desodorante-clio-tipo-glade/,100,3
200110831,Desodorante Clio (tipo Glade),DESINFECTANTES E INSECTICIDAS > Aromatizadores,https://dcdn-us.mitiendanube.com/stores/001/405/077/products/9-1-desod-clio-tglade-4f74bbb194f82a193b17860404278888-1024-1024.webp,https://www.msanchezycia.com.ar/productos/desodorante-clio-tipo-glade/,100,4
203010825,Desinfectante CLIO,DESINFECTANTES E INSECTICIDAS > Desinfectantes,https://dcdn-us.mitiendanube.com/stores/001/405/077/products/10-desinfect-clio-6b1e8d539eb1fa4e1a17860404594859-1024-1024.webp,https://www.msanchezycia.com.ar/productos/desinfectante-clio/,100,0
203010320,Lysoform Original 360 cm,DESINFECTANTES E INSECTICIDAS > Desinfectantes,https://dcdn-us.mitiendanube.com/stores/001/405/077/products/11-lysoform-orig-360-cm-eddcf4aff89352a98f17860403299105-1024-1024.webp,https://www.msanchezycia.com.ar/productos/lysoform-original-360-cm/,100,0
205010823,Insecticida Efecto,DESINFECTANTES E INSECTICIDAS > Insecticidas,https://dcdn-us.mitiendanube.com/stores/001/405/077/products/12-insecticida-efecto-bb20d5e2a3bf10c6a117860403914050-1024-1024.webp,https://www.msanchezycia.com.ar/productos/insecticida-efecto/,100,0
205010826,Efecto Casa y Jardin,DESINFECTANTES E INSECTICIDAS > Insecticidas,https://dcdn-us.mitiendanube.com/stores/001/405/077/products/13-efecto-casa-y-jardin-d08a205a11865b693a17860402468684-1024-1024.webp,https://www.msanchezycia.com.ar/productos/efecto-casa-y-jardin/,100,0
205010827,Efecto Cucarachas,DESINFECTANTES E INSECTICIDAS > Insecticidas,https://dcdn-us.mitiendanube.com/stores/001/405/077/products/14-efecto-cucarachas-ce497e41fda7b9ee2117860402762215-1024-1024.webp,https://www.msanchezycia.com.ar/productos/efecto-cucarachas/,100,0
205010830,Efecto Ultra Cuca y Horm,DESINFECTANTES E INSECTICIDAS > Insecticidas,https://dcdn-us.mitiendanube.com/stores/001/405/077/products/15-efecto-ultra-cuca-y-horm-6e3e7f637edb0b70f717860403065655-1024-1024.webp,https://www.msanchezycia.com.ar/productos/efecto-ultra-cuca-y-horm/,100,0
342510821,Facilim - Lustramuebles,LIMPIEZA INSTITUCIONAL > Limpiadores y removedores,https://dcdn-us.mitiendanube.com/stores/001/405/077/products/16-3-facilim-lustramuebles-e8d45e0acfdeff7d9b17860401384775-1024-1024.webp,https://www.msanchezycia.com.ar/productos/facilim-lustramuebles/,100,0
342510821,Facilim - Lustramuebles,LIMPIEZA INSTITUCIONAL > Limpiadores y removedores,https://dcdn-us.mitiendanube.com/stores/001/405/077/products/16-2-facilim-lustramuebles-b24f62790a3f8a949d17860401393168-1024-1024.webp,https://www.msanchezycia.com.ar/productos/facilim-lustramuebles/,100,1
342510821,Facilim - Lustramuebles,LIMPIEZA INSTITUCIONAL > Limpiadores y removedores,https://dcdn-us.mitiendanube.com/stores/001/405/077/products/16-1-facilim-lustramuebles-3582a0ceeabfedfad517860401389843-1024-1024.webp,https://www.msanchezycia.com.ar/productos/facilim-lustramuebles/,100,2
306010829,Facilim - Lampazos,LIMPIEZA INSTITUCIONAL > Limpiadores y removedores,https://dcdn-us.mitiendanube.com/stores/001/405/077/products/17-4-facilim-lampazos-3cea7187b8132a9f4b17860401964241-1024-1024.webp,https://www.msanchezycia.com.ar/productos/facilim-lampazos/,100,0
306010829,Facilim - Lampazos,LIMPIEZA INSTITUCIONAL > Limpiadores y removedores,https://dcdn-us.mitiendanube.com/stores/001/405/077/products/17-3-facilim-lampazos-2917fd225c21d1b39817860401963781-1024-1024.webp,https://www.msanchezycia.com.ar/productos/facilim-lampazos/,100,1
306010829,Facilim - Lampazos,LIMPIEZA INSTITUCIONAL > Limpiadores y removedores,https://dcdn-us.mitiendanube.com/stores/001/405/077/products/17-2-facilim-lampazos-3f76214993dad5e8ea17860401964700-1024-1024.webp,https://www.msanchezycia.com.ar/productos/facilim-lampazos/,100,2
306010829,Facilim - Lampazos,LIMPIEZA INSTITUCIONAL > Limpiadores y removedores,https://dcdn-us.mitiendanube.com/stores/001/405/077/products/17-1-facilim-lampazos-8cd71b55bbea17966b17860401967738-1024-1024.webp,https://www.msanchezycia.com.ar/productos/facilim-lampazos/,100,3
205010201,Raid MMM (Azul),DESINFECTANTES E INSECTICIDAS > Insecticidas,https://dcdn-us.mitiendanube.com/stores/001/405/077/products/18-raid-mmm-azul-2fe5ee714188592de817860400954127-1024-1024.webp,https://www.msanchezycia.com.ar/productos/raid-mmm-azul/,100,0
205010202,Raid Casa y Jard (Nar),DESINFECTANTES E INSECTICIDAS > Insecticidas,https://dcdn-us.mitiendanube.com/stores/001/405/077/products/19-raid-casa-y-jard-nar-d9972519ed923def6617860401130966-1024-1024.webp,https://www.msanchezycia.com.ar/productos/raid-casa-y-jard-nar/,100,0
205010203,Raid Exterminador (Negro),DESINFECTANTES E INSECTICIDAS > Insecticidas,https://dcdn-us.mitiendanube.com/stores/001/405/077/products/20-raid-exterm-negro-3e718cdcff466ed4ff17860400592404-1024-1024.webp,https://www.msanchezycia.com.ar/productos/raid-exterminador-negro/,100,0
205010209,Raid MMM Sin Olor(Azul),DESINFECTANTES E INSECTICIDAS > Insecticidas,https://dcdn-us.mitiendanube.com/stores/001/405/077/products/21-raid-mmm-sin-olorazul-e66b16cc5533e1761117860400779329-1024-1024.webp,https://www.msanchezycia.com.ar/productos/raid-mmm-sin-olor-azul/,100,0
342510301,Blem Lustramuebles (Marron),LIMPIEZA INSTITUCIONAL > Limpiadores y removedores,https://dcdn-us.mitiendanube.com/stores/001/405/077/products/22-blem-lustr-marron-e95f4585b5f77240be17860399795361-1024-1024.webp,https://www.msanchezycia.com.ar/productos/blem-lustramuebles-marron/,100,0
342510302,8M Aerosol,DESINFECTANTES E INSECTICIDAS > Aromatizadores,https://dcdn-us.mitiendanube.com/stores/001/405/077/products/23-8m-aerosol-b75c89b6f9cba6ef0417860400204002-1024-1024.webp,https://www.msanchezycia.com.ar/productos/8m-aerosol/,100,0
347010026,Rugbee 440 cm,DESINFECTANTES E INSECTICIDAS > Aromatizadores,https://dcdn-us.mitiendanube.com/stores/001/405/077/products/24-rugbee-440-cm-b4a3d56f05856d53c017860396276217-1024-1024.webp,https://www.msanchezycia.com.ar/productos/rugbee-440-cm/,100,0
347010111,View 440 cm,DESINFECTANTES E INSECTICIDAS > Aromatizadores,https://dcdn-us.mitiendanube.com/stores/001/405/077/products/25-view-440-cm-ec0c6c86256c8403a417860397212304-1024-1024.webp,https://www.msanchezycia.com.ar/productos/view-440-cm/,100,0
347010150,Lem 440 cm,DESINFECTANTES E INSECTICIDAS > Desinfectantes,https://dcdn-us.mitiendanube.com/stores/001/405/077/products/26-lem-440-cm-bb6e9a3561b9198d9817860395152524-1024-1024.webp,https://www.msanchezycia.com.ar/productos/lem-440-cm/,100,0
152510690,Escobillón Loc 22 SCHEZ,CEPILLOS ESCOBAS Y ESCOBILLONES > Escobillones hogar,https://dcdn-us.mitiendanube.com/stores/001/405/077/products/27-escobillon-loc-22-schez-a91de5af761a60355317860395771976-1024-1024.webp,https://www.msanchezycia.com.ar/productos/escobillon-loc-22-schez/,100,0
152510690,Escobillón Loc 22 SCHEZ,CEPILLOS ESCOBAS Y ESCOBILLONES > Escobillones hogar,https://dcdn-us.mitiendanube.com/stores/001/405/077/products/product_127-900ae0ff85ef76501c17864961593902-1024-1024.webp,https://www.msanchezycia.com.ar/productos/escobillon-loc-22-schez/,100,1
152510690,Escobillón Loc 22 SCHEZ,CEPILLOS ESCOBAS Y ESCOBILLONES > Escobillones hogar,https://dcdn-us.mitiendanube.com/stores/001/405/077/products/product_110-377a4db3ec91cf848017864961650467-1024-1024.webp,https://www.msanchezycia.com.ar/productos/escobillon-loc-22-schez/,100,2
152510692,Escobillón Vaporeto 22 SCHEZ,CEPILLOS ESCOBAS Y ESCOBILLONES > Escobillones hogar,https://dcdn-us.mitiendanube.com/stores/001/405/077/products/28-escobillon-vaporeto-22-schez-7df94e93f0eb11a5be17860395975337-1024-1024.webp,https://www.msanchezycia.com.ar/productos/escobillon-vaporeto-22-schez/,100,0
152510692,Escobillón Vaporeto 22 SCHEZ,CEPILLOS ESCOBAS Y ESCOBILLONES > Escobillones hogar,https://dcdn-us.mitiendanube.com/stores/001/405/077/products/product_090-2a9e72d99932f95a2617864958771950-1024-1024.webp,https://www.msanchezycia.com.ar/productos/escobillon-vaporeto-22-schez/,100,1
152510692,Escobillón Vaporeto 22 SCHEZ,CEPILLOS ESCOBAS Y ESCOBILLONES > Escobillones hogar,https://dcdn-us.mitiendanube.com/stores/001/405/077/products/product_photo_009-55a25bddd7e80e150117864961101699-1024-1024.webp,https://www.msanchezycia.com.ar/productos/escobillon-vaporeto-22-schez/,100,2
152510684,Escobillón AZ SCHEZ,CEPILLOS ESCOBAS Y ESCOBILLONES > Escobillones hogar,https://dcdn-us.mitiendanube.com/stores/001/405/077/products/29-escobillon-az-schez-4c03b18010c92c8f8617860394761839-1024-1024.webp,https://www.msanchezycia.com.ar/productos/escobillon-az-schez/,100,0
152510684,Escobillón AZ SCHEZ,CEPILLOS ESCOBAS Y ESCOBILLONES > Escobillones hogar,https://dcdn-us.mitiendanube.com/stores/001/405/077/products/product_086-307abb49fb33df68a817864962044489-1024-1024.webp,https://www.msanchezycia.com.ar/productos/escobillon-az-schez/,100,1
152510684,Escobillón AZ SCHEZ,CEPILLOS ESCOBAS Y ESCOBILLONES > Escobillones hogar,https://dcdn-us.mitiendanube.com/stores/001/405/077/products/product_090-5fb0b22060423f915e17864962061756-1024-1024.webp,https://www.msanchezycia.com.ar/productos/escobillon-az-schez/,100,2
152510691,Escobillón Clasico SCHEZ,CEPILLOS ESCOBAS Y ESCOBILLONES > Escobillones hogar,https://dcdn-us.mitiendanube.com/stores/001/405/077/products/30-escobillon-clasico-schez-e66d0de4707dc24bbd17860394942434-1024-1024.webp,https://www.msanchezycia.com.ar/productos/escobillon-clasico-schez/,100,0
152510691,Escobillón Clasico SCHEZ,CEPILLOS ESCOBAS Y ESCOBILLONES > Escobillones hogar,https://dcdn-us.mitiendanube.com/stores/001/405/077/products/product_photo_008-d67a1df5a54aae6f3c17864962416240-1024-1024.webp,https://www.msanchezycia.com.ar/productos/escobillon-clasico-schez/,100,1
152510691,Escobillón Clasico SCHEZ,CEPILLOS ESCOBAS Y ESCOBILLONES > Escobillones hogar,https://dcdn-us.mitiendanube.com/stores/001/405/077/products/product_177-b72cb79031dcc5e71017864962486695-1024-1024.webp,https://www.msanchezycia.com.ar/productos/escobillon-clasico-schez/,100,2
152510673,Escobillón Plany SCHEZ,CEPILLOS ESCOBAS Y ESCOBILLONES > Escobillones hogar,https://dcdn-us.mitiendanube.com/stores/001/405/077/products/photo_037-3980763ecc3fe3b71417864964441274-1024-1024.webp,https://www.msanchezycia.com.ar/productos/escobillon-plany-schez/,100,0
152510673,Escobillón Plany SCHEZ,CEPILLOS ESCOBAS Y ESCOBILLONES > Escobillones hogar,https://dcdn-us.mitiendanube.com/stores/001/405/077/products/31-escobillon-plany-schez-89bee901be5b6e750217860394372756-1024-1024.webp,https://www.msanchezycia.com.ar/productos/escobillon-plany-schez/,100,1
152510673,Escobillón Plany SCHEZ,CEPILLOS ESCOBAS Y ESCOBILLONES > Escobillones hogar,https://dcdn-us.mitiendanube.com/stores/001/405/077/products/product_193-a6f9e471597a2cbb1117864963776485-1024-1024.webp,https://www.msanchezycia.com.ar/productos/escobillon-plany-schez/,100,2
152510706,Escobillón Lupo XPER,CEPILLOS ESCOBAS Y ESCOBILLONES > Escobillones hogar,https://dcdn-us.mitiendanube.com/stores/001/405/077/products/32-escobillon-lupo-xper-d4920325aa4b9eebda17860394557566-1024-1024.webp,https://www.msanchezycia.com.ar/productos/escobillon-lupo-xper/,100,0
152510706,Escobillón Lupo XPER,CEPILLOS ESCOBAS Y ESCOBILLONES > Escobillones hogar,https://dcdn-us.mitiendanube.com/stores/001/405/077/products/product_112-ce0e6f6402689aea8e17864965049516-1024-1024.webp,https://www.msanchezycia.com.ar/productos/escobillon-lupo-xper/,100,1
152510706,Escobillón Lupo XPER,CEPILLOS ESCOBAS Y ESCOBILLONES > Escobillones hogar,https://dcdn-us.mitiendanube.com/stores/001/405/077/products/product_144-3e0090b856456127c717864970942464-1024-1024.webp,https://www.msanchezycia.com.ar/productos/escobillon-lupo-xper/,100,2
152510707,Escobillón Marsella XPER,CEPILLOS ESCOBAS Y ESCOBILLONES > Escobillones hogar,https://dcdn-us.mitiendanube.com/stores/001/405/077/products/33-escobillon-marsella-xper-d554e46c334247e4aa17860393927655-1024-1024.webp,https://www.msanchezycia.com.ar/productos/escobillon-marsella-xper/,100,0
152510707,Escobillón Marsella XPER,CEPILLOS ESCOBAS Y ESCOBILLONES > Escobillones hogar,https://dcdn-us.mitiendanube.com/stores/001/405/077/products/product_088-f697e7ca42bd0b4ee317864970312256-1024-1024.webp,https://www.msanchezycia.com.ar/productos/escobillon-marsella-xper/,100,1
152510707,Escobillón Marsella XPER,CEPILLOS ESCOBAS Y ESCOBILLONES > Escobillones hogar,https://dcdn-us.mitiendanube.com/stores/001/405/077/products/photo_055-3376d25c5d93652e0317864970678972-1024-1024.webp,https://www.msanchezycia.com.ar/productos/escobillon-marsella-xper/,100,2
152510716,Escoba FIGARO XPER,CEPILLOS ESCOBAS Y ESCOBILLONES > Escobas,https://dcdn-us.mitiendanube.com/stores/001/405/077/products/34-escoba-figaro-xper-b906cecc755bd0d98d17860394182380-1024-1024.webp,https://www.msanchezycia.com.ar/productos/escoba-figaro-xper/,100,0
152510716,Escoba FIGARO XPER,CEPILLOS ESCOBAS Y ESCOBILLONES > Escobas,https://dcdn-us.mitiendanube.com/stores/001/405/077/products/product_photo_011-7d93b43dc8b8d97f9317864971095277-1024-1024.webp,https://www.msanchezycia.com.ar/productos/escoba-figaro-xper/,100,1
152510717,Escoba CELESTA XPER,CEPILLOS ESCOBAS Y ESCOBILLONES > Escobas,https://dcdn-us.mitiendanube.com/stores/001/405/077/products/35-escoba-celesta-xper-a775a5882ff4eaa1d217860393488912-1024-1024.webp,https://www.msanchezycia.com.ar/productos/escoba-celesta-xper/,100,0
152510717,Escoba CELESTA XPER,CEPILLOS ESCOBAS Y ESCOBILLONES > Escobas,https://dcdn-us.mitiendanube.com/stores/001/405/077/products/product_172-57531cd4b5c85cae9417864971663581-1024-1024.webp,https://www.msanchezycia.com.ar/productos/escoba-celesta-xper/,100,1
152510717,Escoba CELESTA XPER,CEPILLOS ESCOBAS Y ESCOBILLONES > Escobas,https://dcdn-us.mitiendanube.com/stores/001/405/077/products/photo_058-a648cfe421966ac46317864971460950-1024-1024.webp,https://www.msanchezycia.com.ar/productos/escoba-celesta-xper/,100,2
152510718,Escoba EURO XPER,CEPILLOS ESCOBAS Y ESCOBILLONES > Escobas,https://dcdn-us.mitiendanube.com/stores/001/405/077/products/product_152-4d765730ce4308713217864972059532-1024-1024.webp,https://www.msanchezycia.com.ar/productos/escoba-euro-xper/,100,0
152510718,Escoba EURO XPER,CEPILLOS ESCOBAS Y ESCOBILLONES > Escobas,https://dcdn-us.mitiendanube.com/stores/001/405/077/products/36-escoba-euro-xper-0117c2797cb989457817860393700374-1024-1024.webp,https://www.msanchezycia.com.ar/productos/escoba-euro-xper/,100,1
152510718,Escoba EURO XPER,CEPILLOS ESCOBAS Y ESCOBILLONES > Escobas,https://dcdn-us.mitiendanube.com/stores/001/405/077/products/product_173-1a82509510e222f93317864972013134-1024-1024.webp,https://www.msanchezycia.com.ar/productos/escoba-euro-xper/,100,2
152510052,Escobillón Laura SAMANTHA,CEPILLOS ESCOBAS Y ESCOBILLONES > Escobillones hogar,https://dcdn-us.mitiendanube.com/stores/001/405/077/products/product_129-393bc087f4ad92825c17864972668836-1024-1024.webp,https://www.msanchezycia.com.ar/productos/escobillon-laura-samantha/,100,0
152510052,Escobillón Laura SAMANTHA,CEPILLOS ESCOBAS Y ESCOBILLONES > Escobillones hogar,https://dcdn-us.mitiendanube.com/stores/001/405/077/products/product_199-3e2042e3325bbbcc9517864972507269-1024-1024.webp,https://www.msanchezycia.com.ar/productos/escobillon-laura-samantha/,100,1
152510052,Escobillón Laura SAMANTHA,CEPILLOS ESCOBAS Y ESCOBILLONES > Escobillones hogar,https://dcdn-us.mitiendanube.com/stores/001/405/077/products/37-escobillon-laura-samantha-b1947ef60dd3dac77217860397672519-1024-1024.webp,https://www.msanchezycia.com.ar/productos/escobillon-laura-samantha/,100,2
152510051,Escobillón Reina SAMANTHA,CEPILLOS ESCOBAS Y ESCOBILLONES > Escobillones hogar,https://dcdn-us.mitiendanube.com/stores/001/405/077/products/photo_071-32a9f6f7f043d798b017864973135212-1024-1024.webp,https://www.msanchezycia.com.ar/productos/escobillon-reina-samantha/,100,0
152510051,Escobillón Reina SAMANTHA,CEPILLOS ESCOBAS Y ESCOBILLONES > Escobillones hogar,https://dcdn-us.mitiendanube.com/stores/001/405/077/products/38-escobillon-reina-samantha-c1fae91921fe933fbb17860393250630-1024-1024.webp,https://www.msanchezycia.com.ar/productos/escobillon-reina-samantha/,100,1
152510051,Escobillón Reina SAMANTHA,CEPILLOS ESCOBAS Y ESCOBILLONES > Escobillones hogar,https://dcdn-us.mitiendanube.com/stores/001/405/077/products/photo_036-04ba6e1066937c31aa17864973076200-1024-1024.webp,https://www.msanchezycia.com.ar/productos/escobillon-reina-samantha/,100,2
152210005,Escoba Athena SAMANTHA,CEPILLOS ESCOBAS Y ESCOBILLONES > Escobas,https://dcdn-us.mitiendanube.com/stores/001/405/077/products/product_170-1323db6bb9580b799217864973812322-1024-1024.webp,https://www.msanchezycia.com.ar/productos/escoba-athena-samantha/,100,0
152210005,Escoba Athena SAMANTHA,CEPILLOS ESCOBAS Y ESCOBILLONES > Escobas,https://dcdn-us.mitiendanube.com/stores/001/405/077/products/39-escoba-athena-samantha-67f9d9570a6597679117860392309799-1024-1024.webp,https://www.msanchezycia.com.ar/productos/escoba-athena-samantha/,100,1
152210005,Escoba Athena SAMANTHA,CEPILLOS ESCOBAS Y ESCOBILLONES > Escobas,https://dcdn-us.mitiendanube.com/stores/001/405/077/products/product_141-8490db424a5e16112b17864973886351-1024-1024.webp,https://www.msanchezycia.com.ar/productos/escoba-athena-samantha/,100,2
89011016,Silicona Aerosol 440cc FULL CAR,BAZAR > Varios bazar,https://dcdn-us.mitiendanube.com/stores/001/405/077/products/40-8-silic-aer-440cc-full-car-5ec4d336a69e541f2317860392614171-1024-1024.webp,https://www.msanchezycia.com.ar/productos/silicona-aerosol-440cc-full-car/,100,0
89011016,Silicona Aerosol 440cc FULL CAR,BAZAR > Varios bazar,https://dcdn-us.mitiendanube.com/stores/001/405/077/products/40-7-silic-aer-440cc-full-car-530fb9e1a76dd95e1a17860392613572-1024-1024.webp,https://www.msanchezycia.com.ar/productos/silicona-aerosol-440cc-full-car/,100,1
89011016,Silicona Aerosol 440cc FULL CAR,BAZAR > Varios bazar,https://dcdn-us.mitiendanube.com/stores/001/405/077/products/40-6-silic-aer-440cc-full-car-677359152c73acd5d417860392615641-1024-1024.webp,https://www.msanchezycia.com.ar/productos/silicona-aerosol-440cc-full-car/,100,2
89011016,Silicona Aerosol 440cc FULL CAR,BAZAR > Varios bazar,https://dcdn-us.mitiendanube.com/stores/001/405/077/products/40-5-silic-aer-440cc-full-car-ac9f7d293bb3e1bb6417860392616204-1024-1024.webp,https://www.msanchezycia.com.ar/productos/silicona-aerosol-440cc-full-car/,100,3
89011016,Silicona Aerosol 440cc FULL CAR,BAZAR > Varios bazar,https://dcdn-us.mitiendanube.com/stores/001/405/077/products/40-4-silic-aer-440cc-full-car-a5fa4c7477366ef94817860392613538-1024-1024.webp,https://www.msanchezycia.com.ar/productos/silicona-aerosol-440cc-full-car/,100,4
89011016,Silicona Aerosol 440cc FULL CAR,BAZAR > Varios bazar,https://dcdn-us.mitiendanube.com/stores/001/405/077/products/40-3-silic-aer-440cc-full-car-b352fff513f2cbd6b017860392616767-1024-1024.webp,https://www.msanchezycia.com.ar/productos/silicona-aerosol-440cc-full-car/,100,5
89011016,Silicona Aerosol 440cc FULL CAR,BAZAR > Varios bazar,https://dcdn-us.mitiendanube.com/stores/001/405/077/products/40-2-silic-aer-440cc-full-car-4cd4f8e36fffce138517860392615413-1024-1024.webp,https://www.msanchezycia.com.ar/productos/silicona-aerosol-440cc-full-car/,100,6
89011016,Silicona Aerosol 440cc FULL CAR,BAZAR > Varios bazar,https://dcdn-us.mitiendanube.com/stores/001/405/077/products/40-1-silic-aer-440cc-full-car-2b6c9000c84f95463417860392611906-1024-1024.webp,https://www.msanchezycia.com.ar/productos/silicona-aerosol-440cc-full-car/,100,7
89011024,Brillo Express Azul FULL CAR,BAZAR > Varios bazar,https://dcdn-us.mitiendanube.com/stores/001/405/077/products/41-brill-expr-azul-full-car-0c98e14d4c0d1195e217860391353940-1024-1024.webp,https://www.msanchezycia.com.ar/productos/brillo-express-azul-full-car/,100,0
89011012,Shampoo FULL CAR,BAZAR > Varios bazar,https://dcdn-us.mitiendanube.com/stores/001/405/077/products/42-shampoo-full-car-d52670200e71bce7fb17860391664129-1024-1024.webp,https://www.msanchezycia.com.ar/productos/shampoo-full-car/,100,0
89011015,Silicona para Gomas Water FULL CAR,BAZAR > Varios bazar,https://dcdn-us.mitiendanube.com/stores/001/405/077/products/43-silic-gom-water-full-car-d1e0f9d568b8744e1d17860391993736-1024-1024.webp,https://www.msanchezycia.com.ar/productos/silicona-para-gomas-water-full-car/,100,0
345013003,Jabon SEISEME 300 gr,LIMPIEZA INSTITUCIONAL > Jabones,https://dcdn-us.mitiendanube.com/stores/001/405/077/products/44-jabon-seiseme-300-gr-ff43edf30044910fac17860363983902-1024-1024.webp,https://www.msanchezycia.com.ar/productos/jabon-seiseme-300-gr/,100,0
345013001,Jabon Ropa Blanco 200 gr SIGNO,LIMPIEZA INSTITUCIONAL > Jabones,https://dcdn-us.mitiendanube.com/stores/001/405/077/products/45-jabon-ropa-blanco-200-gr-signo-86dcd0cfe7e78cb1dd17860364138540-1024-1024.webp,https://www.msanchezycia.com.ar/productos/jabon-ropa-blanco-200-gr-signo/,100,0
345013010,Jabon Tocador x 3 SIGNO,LIMPIEZA INSTITUCIONAL > Jabones,https://dcdn-us.mitiendanube.com/stores/001/405/077/products/46-jabon-tocador-x-3-signo-76b48ddaf81378680917860363466844-1024-1024.webp,https://www.msanchezycia.com.ar/productos/jabon-tocador-x-3-signo/,100,0
909223003,Rejilla Cocina Doble SCHEZ c/f,TRAPOS FRANELAS Y REPASADORES > Trapos rejilla,https://dcdn-us.mitiendanube.com/stores/001/405/077/products/47-rej-cocina-doble-schez-cf-0bae1e485f01041d3317860363777855-1024-1024.webp,https://www.msanchezycia.com.ar/productos/rejilla-cocina-doble-schez-c-f/,100,0
909223003,Rejilla Cocina Doble SCHEZ c/f,TRAPOS FRANELAS Y REPASADORES > Trapos rejilla,https://dcdn-us.mitiendanube.com/stores/001/405/077/products/5b9d62ad-1962-434a-89ca-df0d84778186-2194f143a5c697910e17864980708910-1024-1024.webp,https://www.msanchezycia.com.ar/productos/rejilla-cocina-doble-schez-c-f/,100,1
907024223,Paño Microfibra Auto 40x60,TRAPOS FRANELAS Y REPASADORES > Paños limpiadores,https://dcdn-us.mitiendanube.com/stores/001/405/077/products/product_128-2cdaab609dfaeaa73817865558646517-1024-1024.webp,https://www.msanchezycia.com.ar/productos/pano-microfibra-auto-40x60/,100,0
907024223,Paño Microfibra Auto 40x60,TRAPOS FRANELAS Y REPASADORES > Paños limpiadores,https://dcdn-us.mitiendanube.com/stores/001/405/077/products/product_200-c99cbe6a1d35c9d1fd17865559315772-1024-1024.webp,https://www.msanchezycia.com.ar/productos/pano-microfibra-auto-40x60/,100,1
907024223,Paño Microfibra Auto 40x60,TRAPOS FRANELAS Y REPASADORES > Paños limpiadores,https://dcdn-us.mitiendanube.com/stores/001/405/077/products/product_photo_012-0fbe9928d3842abf5817865559431350-1024-1024.webp,https://www.msanchezycia.com.ar/productos/pano-microfibra-auto-40x60/,100,2
907024220,Paño Microfibra T&amp;T 40x80,TRAPOS FRANELAS Y REPASADORES > Paños limpiadores,https://dcdn-us.mitiendanube.com/stores/001/405/077/products/49-pano-microf-tt-40x80-03a380e04072878e2a17860363256032-1024-1024.webp,https://www.msanchezycia.com.ar/productos/pano-microfibra-t-t-40x80/,100,0
907024220,Paño Microfibra T&amp;T 40x80,TRAPOS FRANELAS Y REPASADORES > Paños limpiadores,https://dcdn-us.mitiendanube.com/stores/001/405/077/products/product_197-568aec518d43a6f30517865559707143-1024-1024.webp,https://www.msanchezycia.com.ar/productos/pano-microfibra-t-t-40x80/,100,1
907024220,Paño Microfibra T&amp;T 40x80,TRAPOS FRANELAS Y REPASADORES > Paños limpiadores,https://dcdn-us.mitiendanube.com/stores/001/405/077/products/174cbadf-c2cc-40c6-95c7-eadc427bbf9f-d6d58944d86fceb58e17865561270548-1024-1024.webp,https://www.msanchezycia.com.ar/productos/pano-microfibra-t-t-40x80/,100,2
347011824,Desodorante de Piso REX,DESINFECTANTES E INSECTICIDAS > Aromatizadores,https://dcdn-us.mitiendanube.com/stores/001/405/077/products/50-desod-piso-rex-a7ecd65afb1bc33e1317860362499299-1024-1024.webp,https://www.msanchezycia.com.ar/productos/desodorante-de-piso-rex/,100,0
347011801,Cif Cremoso 750gr,LIMPIEZA INSTITUCIONAL > Limpiadores y removedores,https://dcdn-us.mitiendanube.com/stores/001/405/077/products/51-cif-cremoso-750gr-72141eede3b571dae417860362744012-1024-1024.webp,https://www.msanchezycia.com.ar/productos/cif-cremoso-750gr/,100,0
347011803,New Clean Limpiador Cremoso 750,LIMPIEZA INSTITUCIONAL > Limpiadores y removedores,https://dcdn-us.mitiendanube.com/stores/001/405/077/products/52-new-clean-limp-cremo-750-69f3cb9a0a19f7ea2217860362017549-1024-1024.webp,https://www.msanchezycia.com.ar/productos/new-clean-limpiador-cremoso-750/,100,0
345010703,Skip Líquido Baja Espuma 5L,LIMPIEZA INSTITUCIONAL > Limpiadores y removedores,https://dcdn-us.mitiendanube.com/stores/001/405/077/products/53-skip-liquido-b-esp-5l-717e45686de42d609f17860362245229-1024-1024.webp,https://www.msanchezycia.com.ar/productos/skip-liquido-baja-espuma-5l/,100,0
345010741,Ala Jabón Líquido Ultra 5L,LIMPIEZA INSTITUCIONAL > Limpiadores y removedores,https://dcdn-us.mitiendanube.com/stores/001/405/077/products/54-ala-jabon-liq-ultra-5l-f4be8b922c8a0bdcfd17860361453286-1024-1024.webp,https://www.msanchezycia.com.ar/productos/ala-jabon-liquido-ultra-5l/,100,0
345010713,Granby Líquido 5L,LIMPIEZA INSTITUCIONAL > Limpiadores y removedores,https://dcdn-us.mitiendanube.com/stores/001/405/077/products/55-granby-liquido-5l-cec35e7a51d4f68cec17860361750174-1024-1024.webp,https://www.msanchezycia.com.ar/productos/granby-liquido-5l/,100,0
345010711,Vivere x 5 L,LIMPIEZA INSTITUCIONAL > Limpiadores y removedores,https://dcdn-us.mitiendanube.com/stores/001/405/077/products/56-vivere-x-5-l-cc6742ee5e2ded6d6b17860360639022-1024-1024.webp,https://www.msanchezycia.com.ar/productos/vivere-x-5-l/,100,0
345010738,Comfor Suavizante 5L,LIMPIEZA INSTITUCIONAL > Limpiadores y removedores,https://dcdn-us.mitiendanube.com/stores/001/405/077/products/57-comfor-suavizante-5l-0cd1c8a52fd7e1a99f17860360933650-1024-1024.webp,https://www.msanchezycia.com.ar/productos/comfor-suavizante-5l/,100,0
80340122,Balde Turbo Eco,BAZAR > Baldes,https://dcdn-us.mitiendanube.com/stores/001/405/077/products/58-balde-turbo-eco-2d9fa948ccac367bfb17860361233782-1024-1024.webp,https://www.msanchezycia.com.ar/productos/balde-turbo-eco/,100,0
80340122,Balde Turbo Eco,BAZAR > Baldes,https://dcdn-us.mitiendanube.com/stores/001/405/077/products/product_109-f245319d727a0090c817865565877991-1024-1024.webp,https://www.msanchezycia.com.ar/productos/balde-turbo-eco/,100,1
80340122,Balde Turbo Eco,BAZAR > Baldes,https://dcdn-us.mitiendanube.com/stores/001/405/077/products/product_185-6bef33cff5f78c15e917865566012058-1024-1024.webp,https://www.msanchezycia.com.ar/productos/balde-turbo-eco/,100,2
80340122,Balde Turbo Eco,BAZAR > Baldes,https://dcdn-us.mitiendanube.com/stores/001/405/077/products/product_photo_010-866356a211666e024d17865566115728-1024-1024.webp,https://www.msanchezycia.com.ar/productos/balde-turbo-eco/,100,3
806810302,Secador Plástico 40 cm MATRIPLAS,SECADORES Y SOPAPAS > Secadores plásticos,https://dcdn-us.mitiendanube.com/stores/001/405/077/products/product_100-2db02dd8f394f7e23517865567429408-1024-1024.webp,https://www.msanchezycia.com.ar/productos/secador-plastico-40-cm-matriplas/,100,0
806810302,Secador Plástico 40 cm MATRIPLAS,SECADORES Y SOPAPAS > Secadores plásticos,https://dcdn-us.mitiendanube.com/stores/001/405/077/products/59-4-sec-plast-40-cm-matriplas-36b41075c03dd618a417860360104735-1024-1024.webp,https://www.msanchezycia.com.ar/productos/secador-plastico-40-cm-matriplas/,100,1
806810302,Secador Plástico 40 cm MATRIPLAS,SECADORES Y SOPAPAS > Secadores plásticos,https://dcdn-us.mitiendanube.com/stores/001/405/077/products/product_094-98b4768638bc9190a417865567455109-1024-1024.webp,https://www.msanchezycia.com.ar/productos/secador-plastico-40-cm-matriplas/,100,2
806810302,Secador Plástico 40 cm MATRIPLAS,SECADORES Y SOPAPAS > Secadores plásticos,https://dcdn-us.mitiendanube.com/stores/001/405/077/products/product_175-6d8852a73c9268b00e17865567250184-1024-1024.webp,https://www.msanchezycia.com.ar/productos/secador-plastico-40-cm-matriplas/,100,3
806810302,Secador Plástico 40 cm MATRIPLAS,SECADORES Y SOPAPAS > Secadores plásticos,https://dcdn-us.mitiendanube.com/stores/001/405/077/products/59-3-sec-plast-40-cm-matriplas-edcd85cab624859e1817860360103649-1024-1024.webp,https://www.msanchezycia.com.ar/productos/secador-plastico-40-cm-matriplas/,100,4
806810302,Secador Plástico 40 cm MATRIPLAS,SECADORES Y SOPAPAS > Secadores plásticos,https://dcdn-us.mitiendanube.com/stores/001/405/077/products/product_091-65e2bf9980c319b36217865567467809-1024-1024.webp,https://www.msanchezycia.com.ar/productos/secador-plastico-40-cm-matriplas/,100,5
806810302,Secador Plástico 40 cm MATRIPLAS,SECADORES Y SOPAPAS > Secadores plásticos,https://dcdn-us.mitiendanube.com/stores/001/405/077/products/product_143-5d5cc9dbd012c3c4e217865567352527-1024-1024.webp,https://www.msanchezycia.com.ar/productos/secador-plastico-40-cm-matriplas/,100,6
806810302,Secador Plástico 40 cm MATRIPLAS,SECADORES Y SOPAPAS > Secadores plásticos,https://dcdn-us.mitiendanube.com/stores/001/405/077/products/59-2-sec-plast-40-cm-matriplas-70911d42485360ab0717860360116780-1024-1024.webp,https://www.msanchezycia.com.ar/productos/secador-plastico-40-cm-matriplas/,100,7
806810302,Secador Plástico 40 cm MATRIPLAS,SECADORES Y SOPAPAS > Secadores plásticos,https://dcdn-us.mitiendanube.com/stores/001/405/077/products/product_photo_006-8f35bad12193ef8fbe17865566487628-1024-1024.webp,https://www.msanchezycia.com.ar/productos/secador-plastico-40-cm-matriplas/,100,8
806810302,Secador Plástico 40 cm MATRIPLAS,SECADORES Y SOPAPAS > Secadores plásticos,https://dcdn-us.mitiendanube.com/stores/001/405/077/products/product_183-997fd00da79fccd6b317865567191214-1024-1024.webp,https://www.msanchezycia.com.ar/productos/secador-plastico-40-cm-matriplas/,100,9
806810302,Secador Plástico 40 cm MATRIPLAS,SECADORES Y SOPAPAS > Secadores plásticos,https://dcdn-us.mitiendanube.com/stores/001/405/077/products/59-1-sec-plast-40-cm-matriplas-ae9f5d05d477d1121917860360103653-1024-1024.webp,https://www.msanchezycia.com.ar/productos/secador-plastico-40-cm-matriplas/,100,10
806810302,Secador Plástico 40 cm MATRIPLAS,SECADORES Y SOPAPAS > Secadores plásticos,https://dcdn-us.mitiendanube.com/stores/001/405/077/products/product_181-63540dc3cbd371f38017865567210164-1024-1024.webp,https://www.msanchezycia.com.ar/productos/secador-plastico-40-cm-matriplas/,100,11
806810302,Secador Plástico 40 cm MATRIPLAS,SECADORES Y SOPAPAS > Secadores plásticos,https://dcdn-us.mitiendanube.com/stores/001/405/077/products/product_206-80d9b85be131b7cdbb17865567091214-1024-1024.webp,https://www.msanchezycia.com.ar/productos/secador-plastico-40-cm-matriplas/,100,12
806810302,Secador Plástico 40 cm MATRIPLAS,SECADORES Y SOPAPAS > Secadores plásticos,https://dcdn-us.mitiendanube.com/stores/001/405/077/products/59-5-sec-plast-40-cm-matriplas-a3bfff453d1d291cfc17860360103206-1024-1024.webp,https://www.msanchezycia.com.ar/productos/secador-plastico-40-cm-matriplas/,100,13
806810302,Secador Plástico 40 cm MATRIPLAS,SECADORES Y SOPAPAS > Secadores plásticos,https://dcdn-us.mitiendanube.com/stores/001/405/077/products/product_096-474fb6e57b7720a9f317865568188744-1024-1024.webp,https://www.msanchezycia.com.ar/productos/secador-plastico-40-cm-matriplas/,100,14
806810317,Secador Doble Banda Super 40 SCH,SECADORES Y SOPAPAS > Secadores plásticos,https://dcdn-us.mitiendanube.com/stores/001/405/077/products/product_189-de3c3e055f76c9ffe217865568550293-1024-1024.webp,https://www.msanchezycia.com.ar/productos/secador-doble-banda-super-40-sch/,100,0
806810317,Secador Doble Banda Super 40 SCH,SECADORES Y SOPAPAS > Secadores plásticos,https://dcdn-us.mitiendanube.com/stores/001/405/077/products/60-sec-dob-band-sup-40-sch-848d6317898da27b7c17860360373698-1024-1024.webp,https://www.msanchezycia.com.ar/productos/secador-doble-banda-super-40-sch/,100,1
806810317,Secador Doble Banda Super 40 SCH,SECADORES Y SOPAPAS > Secadores plásticos,https://dcdn-us.mitiendanube.com/stores/001/405/077/products/product_photo_004-715ddd1d0770befed917865568613419-1024-1024.webp,https://www.msanchezycia.com.ar/productos/secador-doble-banda-super-40-sch/,100,2
336029452,Limpiavidrios FIOR Cabo Corto,LIMPIA VIDRIOS > Limpia vidrios,https://dcdn-us.mitiendanube.com/stores/001/405/077/products/photo_064-803170ceaac11f817c17865570049565-1024-1024.webp,https://www.msanchezycia.com.ar/productos/limpiavidrios-fior-cabo-corto/,100,0
336029452,Limpiavidrios FIOR Cabo Corto,LIMPIA VIDRIOS > Limpia vidrios,https://dcdn-us.mitiendanube.com/stores/001/405/077/products/61-limp-vid-fior-cabo-corto-5cb32cc6814e56d43417860358544869-1024-1024.webp,https://www.msanchezycia.com.ar/productos/limpiavidrios-fior-cabo-corto/,100,1
336029452,Limpiavidrios FIOR Cabo Corto,LIMPIA VIDRIOS > Limpia vidrios,https://dcdn-us.mitiendanube.com/stores/001/405/077/products/photo_069-4c2bd9c42ce75fedd117865570071436-1024-1024.webp,https://www.msanchezycia.com.ar/productos/limpiavidrios-fior-cabo-corto/,100,2
336029452,Limpiavidrios FIOR Cabo Corto,LIMPIA VIDRIOS > Limpia vidrios,https://dcdn-us.mitiendanube.com/stores/001/405/077/products/photo_043-beb33f9ea2f06254bc17865570135510-1024-1024.webp,https://www.msanchezycia.com.ar/productos/limpiavidrios-fior-cabo-corto/,100,3
336029452,Limpiavidrios FIOR Cabo Corto,LIMPIA VIDRIOS > Limpia vidrios,https://dcdn-us.mitiendanube.com/stores/001/405/077/products/removing_hand_from_image_202608121249-2ab209721c3de7f35817865570252177-1024-1024.webp,https://www.msanchezycia.com.ar/productos/limpiavidrios-fior-cabo-corto/,100,4
336029452,Limpiavidrios FIOR Cabo Corto,LIMPIA VIDRIOS > Limpia vidrios,https://dcdn-us.mitiendanube.com/stores/001/405/077/products/removing_hand_from_image_202608121249-1-1ea5aa1eca21dac0a117865570266586-1024-1024.webp,https://www.msanchezycia.com.ar/productos/limpiavidrios-fior-cabo-corto/,100,5
336029003,Limpiavidrios 40 cm COCO,LIMPIA VIDRIOS > Limpia vidrios,https://dcdn-us.mitiendanube.com/stores/001/405/077/products/product_099-330af7d951ed85964817865571487572-1024-1024.webp,https://www.msanchezycia.com.ar/productos/limpiavidrios-40-cm-coco/,100,0
336029003,Limpiavidrios 40 cm COCO,LIMPIA VIDRIOS > Limpia vidrios,https://dcdn-us.mitiendanube.com/stores/001/405/077/products/62-limp-vid-40-cm-coco-8f04551c9d8471443717860359758428-1024-1024.webp,https://www.msanchezycia.com.ar/productos/limpiavidrios-40-cm-coco/,100,1
336029003,Limpiavidrios 40 cm COCO,LIMPIA VIDRIOS > Limpia vidrios,https://dcdn-us.mitiendanube.com/stores/001/405/077/products/product_093-a5b26aac15e5ad6c0217865573520998-1024-1024.webp,https://www.msanchezycia.com.ar/productos/limpiavidrios-40-cm-coco/,100,2
151510697,Cepillo Piso SCHEZ,CEPILLOS ESCOBAS Y ESCOBILLONES > Cepillos de piso,https://dcdn-us.mitiendanube.com/stores/001/405/077/products/63-cepillo-piso-schez-7ae6aee6bee7fd50f617860356426583-1024-1024.webp,https://www.msanchezycia.com.ar/productos/cepillo-piso-schez/,100,0
151510697,Cepillo Piso SCHEZ,CEPILLOS ESCOBAS Y ESCOBILLONES > Cepillos de piso,https://dcdn-us.mitiendanube.com/stores/001/405/077/products/product_162-308894400e5919a46b17865573074113-1024-1024.webp,https://www.msanchezycia.com.ar/productos/cepillo-piso-schez/,100,1
151510697,Cepillo Piso SCHEZ,CEPILLOS ESCOBAS Y ESCOBILLONES > Cepillos de piso,https://dcdn-us.mitiendanube.com/stores/001/405/077/products/photo_045-efe122d448ba668b0117865573073345-1024-1024.webp,https://www.msanchezycia.com.ar/productos/cepillo-piso-schez/,100,2
51016308,Cepillo MULTIUSO XPER,CEPILLOS ESCOBAS Y ESCOBILLONES > Cepillos de mano,https://dcdn-us.mitiendanube.com/stores/001/405/077/products/64-cepillo-multiuso-xper-8cf1048463cfce618217860358233708-1024-1024.webp,https://www.msanchezycia.com.ar/productos/cepillo-multiuso-xper/,100,0
51016308,Cepillo MULTIUSO XPER,CEPILLOS ESCOBAS Y ESCOBILLONES > Cepillos de mano,https://dcdn-us.mitiendanube.com/stores/001/405/077/products/remove_hand_from_image_202608121257-125b0e0f0b6b1203cd17865574342683-1024-1024.webp,https://www.msanchezycia.com.ar/productos/cepillo-multiuso-xper/,100,1
51016308,Cepillo MULTIUSO XPER,CEPILLOS ESCOBAS Y ESCOBILLONES > Cepillos de mano,https://dcdn-us.mitiendanube.com/stores/001/405/077/products/photo_065-187114c0d46e7ecac817865574020587-1024-1024.webp,https://www.msanchezycia.com.ar/productos/cepillo-multiuso-xper/,100,2
151210502,Cepillo Planchita LG,CEPILLOS ESCOBAS Y ESCOBILLONES > Cepillos de mano,https://dcdn-us.mitiendanube.com/stores/001/405/077/products/65-cepillo-planchita-lg-62ec93491a28ec734a17860355752228-1024-1024.webp,https://www.msanchezycia.com.ar/productos/cepillo-planchita-lg/,100,0
151210502,Cepillo Planchita LG,CEPILLOS ESCOBAS Y ESCOBILLONES > Cepillos de mano,https://dcdn-us.mitiendanube.com/stores/001/405/077/products/photo_044-3a0123fa2b538c86f817865574861087-1024-1024.webp,https://www.msanchezycia.com.ar/productos/cepillo-planchita-lg/,100,1
80340044,Balde 12 L SCHEZ,BAZAR > Baldes,https://dcdn-us.mitiendanube.com/stores/001/405/077/products/67-9-balde-12-l-schez-6e379085bdc773116b17860356133071-1024-1024.webp,https://www.msanchezycia.com.ar/productos/balde-12-l-schez/,100,0
80340044,Balde 12 L SCHEZ,BAZAR > Baldes,https://dcdn-us.mitiendanube.com/stores/001/405/077/products/67-8-balde-12-l-schez-b986e92bb4f0151a2317860356132726-1024-1024.webp,https://www.msanchezycia.com.ar/productos/balde-12-l-schez/,100,1
80340044,Balde 12 L SCHEZ,BAZAR > Baldes,https://dcdn-us.mitiendanube.com/stores/001/405/077/products/67-7-balde-12-l-schez-86fc0370559a28b77517860356135568-1024-1024.webp,https://www.msanchezycia.com.ar/productos/balde-12-l-schez/,100,2
80340044,Balde 12 L SCHEZ,BAZAR > Baldes,https://dcdn-us.mitiendanube.com/stores/001/405/077/products/67-6-balde-12-l-schez-d93a5e72f262d6285f17860356132967-1024-1024.webp,https://www.msanchezycia.com.ar/productos/balde-12-l-schez/,100,3
80340111,Balde Oval 14L con escurridor MATRIPLASTER,BAZAR > Baldes,https://dcdn-us.mitiendanube.com/stores/001/405/077/products/68-1-balde-oval-14l-cescurridor-matriplaster-590a698d47faf50cd517860354760568-1024-1024.webp,https://www.msanchezycia.com.ar/productos/balde-oval-14l-con-escurridor-matriplaster/,100,0
80340111,Balde Oval 14L con escurridor MATRIPLASTER,BAZAR > Baldes,https://dcdn-us.mitiendanube.com/stores/001/405/077/products/product_075-4f456c19e5d4c98b2117865576678092-1024-1024.webp,https://www.msanchezycia.com.ar/productos/balde-oval-14l-con-escurridor-matriplaster/,100,1
80340111,Balde Oval 14L con escurridor MATRIPLASTER,BAZAR > Baldes,https://dcdn-us.mitiendanube.com/stores/001/405/077/products/68-2-balde-oval-14l-cescurridor-matriplaster-65116c295b859b1c7f17860354813592-1024-1024.webp,https://www.msanchezycia.com.ar/productos/balde-oval-14l-con-escurridor-matriplaster/,100,2
80340111,Balde Oval 14L con escurridor MATRIPLASTER,BAZAR > Baldes,https://dcdn-us.mitiendanube.com/stores/001/405/077/products/product_041-11083b6c0be575ab2317865576775191-1024-1024.webp,https://www.msanchezycia.com.ar/productos/balde-oval-14l-con-escurridor-matriplaster/,100,3
80340111,Balde Oval 14L con escurridor MATRIPLASTER,BAZAR > Baldes,https://dcdn-us.mitiendanube.com/stores/001/405/077/products/68-3-balde-oval-14l-cescurridor-matriplaster-b33c828563f4a2b65017860354852730-1024-1024.webp,https://www.msanchezycia.com.ar/productos/balde-oval-14l-con-escurridor-matriplaster/,100,4
80340111,Balde Oval 14L con escurridor MATRIPLASTER,BAZAR > Baldes,https://dcdn-us.mitiendanube.com/stores/001/405/077/products/product_186-34a0fab72297305c7f17865576399297-1024-1024.webp,https://www.msanchezycia.com.ar/productos/balde-oval-14l-con-escurridor-matriplaster/,100,5
80340111,Balde Oval 14L con escurridor MATRIPLASTER,BAZAR > Baldes,https://dcdn-us.mitiendanube.com/stores/001/405/077/products/68-4-balde-oval-14l-cescurridor-matriplaster-a4177a5435460564e517860354888575-1024-1024.webp,https://www.msanchezycia.com.ar/productos/balde-oval-14l-con-escurridor-matriplaster/,100,6
80340111,Balde Oval 14L con escurridor MATRIPLASTER,BAZAR > Baldes,https://dcdn-us.mitiendanube.com/stores/001/405/077/products/product_151-7d49852c8435b8065d17865578687139-1024-1024.webp,https://www.msanchezycia.com.ar/productos/balde-oval-14l-con-escurridor-matriplaster/,100,7
80340111,Balde Oval 14L con escurridor MATRIPLASTER,BAZAR > Baldes,https://dcdn-us.mitiendanube.com/stores/001/405/077/products/68-5-balde-oval-14l-cescurridor-matriplaster-48cbb918bc5accbee317860354923334-1024-1024.webp,https://www.msanchezycia.com.ar/productos/balde-oval-14l-con-escurridor-matriplaster/,100,8
80340111,Balde Oval 14L con escurridor MATRIPLASTER,BAZAR > Baldes,https://dcdn-us.mitiendanube.com/stores/001/405/077/products/product_retouching_and_relightin_202608121303-ef1cab56613685779617865578727815-1024-1024.webp,https://www.msanchezycia.com.ar/productos/balde-oval-14l-con-escurridor-matriplaster/,100,9
80340111,Balde Oval 14L con escurridor MATRIPLASTER,BAZAR > Baldes,https://dcdn-us.mitiendanube.com/stores/001/405/077/products/photo_035-74e5da459cd48ce3ea17865580263564-1024-1024.webp,https://www.msanchezycia.com.ar/productos/balde-oval-14l-con-escurridor-matriplaster/,100,10
80340111,Balde Oval 14L con escurridor MATRIPLASTER,BAZAR > Baldes,https://dcdn-us.mitiendanube.com/stores/001/405/077/products/product_035-552bb0677d7b35430917865580263664-1024-1024.webp,https://www.msanchezycia.com.ar/productos/balde-oval-14l-con-escurridor-matriplaster/,100,11
80340112,Balde Oval 9L con escurridor MATRIPLASTER,BAZAR > Baldes,https://dcdn-us.mitiendanube.com/stores/001/405/077/products/69-5-balde-oval-9l-cescurridor-matriplaster-4cdf38fa1b4b76af9a17860355173747-1024-1024.webp,https://www.msanchezycia.com.ar/productos/balde-oval-9l-con-escurridor-matriplaster/,100,0
80340112,Balde Oval 9L con escurridor MATRIPLASTER,BAZAR > Baldes,https://dcdn-us.mitiendanube.com/stores/001/405/077/products/69-4-balde-oval-9l-cescurridor-matriplaster-e091b247cc90a8b5cf17860355174808-1024-1024.webp,https://www.msanchezycia.com.ar/productos/balde-oval-9l-con-escurridor-matriplaster/,100,1
80340112,Balde Oval 9L con escurridor MATRIPLASTER,BAZAR > Baldes,https://dcdn-us.mitiendanube.com/stores/001/405/077/products/69-3-balde-oval-9l-cescurridor-matriplaster-fe88fa78260046ab4017860355172821-1024-1024.webp,https://www.msanchezycia.com.ar/productos/balde-oval-9l-con-escurridor-matriplaster/,100,2
80340112,Balde Oval 9L con escurridor MATRIPLASTER,BAZAR > Baldes,https://dcdn-us.mitiendanube.com/stores/001/405/077/products/69-2-balde-oval-9l-cescurridor-matriplaster-927ea660b62b8f181d17860355176602-1024-1024.webp,https://www.msanchezycia.com.ar/productos/balde-oval-9l-con-escurridor-matriplaster/,100,3
80340112,Balde Oval 9L con escurridor MATRIPLASTER,BAZAR > Baldes,https://dcdn-us.mitiendanube.com/stores/001/405/077/products/69-1-balde-oval-9l-cescurridor-matriplaster-bd856fda34a7d19d1217860355173992-1024-1024.webp,https://www.msanchezycia.com.ar/productos/balde-oval-9l-con-escurridor-matriplaster/,100,4
908526035,Repasador Toalla Cuadro Grande,TRAPOS FRANELAS Y REPASADORES > Repasadores,https://dcdn-us.mitiendanube.com/stores/001/405/077/products/70-rep-toalla-cuadro-gr-6a2c90dc73504d92e217860355504505-1024-1024.webp,https://www.msanchezycia.com.ar/productos/repasador-toalla-cuadro-grande/,100,0
908526035,Repasador Toalla Cuadro Grande,TRAPOS FRANELAS Y REPASADORES > Repasadores,https://dcdn-us.mitiendanube.com/stores/001/405/077/products/6ac1247b-9083-4f21-aec3-78635acc4eff-52723b5933f3790a0317865581679758-1024-1024.webp,https://www.msanchezycia.com.ar/productos/repasador-toalla-cuadro-grande/,100,1
908526035,Repasador Toalla Cuadro Grande,TRAPOS FRANELAS Y REPASADORES > Repasadores,https://dcdn-us.mitiendanube.com/stores/001/405/077/products/494c569b-3003-4f40-9d52-dbf761831115-ebf5b1a7533556884e17865590734819-1024-1024.webp,https://www.msanchezycia.com.ar/productos/repasador-toalla-cuadro-grande/,100,2
908526035,Repasador Toalla Cuadro Grande,TRAPOS FRANELAS Y REPASADORES > Repasadores,https://dcdn-us.mitiendanube.com/stores/001/405/077/products/74fbb183-f7b5-4dc3-b242-f37a84588a97-ba447d9a945b691ea817865582661004-1024-1024.webp,https://www.msanchezycia.com.ar/productos/repasador-toalla-cuadro-grande/,100,3
908526039,Repasador Toalla SCHEZ 45x55,TRAPOS FRANELAS Y REPASADORES > Repasadores,https://dcdn-us.mitiendanube.com/stores/001/405/077/products/71-repasador-toalla-schez-45x55-bc7582bb3bbb769eb017860353664623-1024-1024.webp,https://www.msanchezycia.com.ar/productos/repasador-toalla-schez-45x55/,100,0
908526039,Repasador Toalla SCHEZ 45x55,TRAPOS FRANELAS Y REPASADORES > Repasadores,https://dcdn-us.mitiendanube.com/stores/001/405/077/products/446991a1-23d5-43b5-931e-d758ff54b152-d46775bc5f84591cb617865584763513-1024-1024.webp,https://www.msanchezycia.com.ar/productos/repasador-toalla-schez-45x55/,100,1
908526004,Repasador Granité Chico,TRAPOS FRANELAS Y REPASADORES > Repasadores,https://dcdn-us.mitiendanube.com/stores/001/405/077/products/72-rep-granite-chico-6fd89070be1c36691717860353905432-1024-1024.webp,https://www.msanchezycia.com.ar/productos/repasador-granite-chico/,100,0
908526004,Repasador Granité Chico,TRAPOS FRANELAS Y REPASADORES > Repasadores,https://dcdn-us.mitiendanube.com/stores/001/405/077/products/ddbc7a8b-ef81-455c-b2fb-a6c701070af0-5c8940dcf7b9082c8817865586890563-1024-1024.webp,https://www.msanchezycia.com.ar/productos/repasador-granite-chico/,100,1
908526040,Repasador Corazon,TRAPOS FRANELAS Y REPASADORES > Repasadores,https://dcdn-us.mitiendanube.com/stores/001/405/077/products/74-2-repasador-corazon-530c861b680b4786e517860352892161-1024-1024.webp,https://www.msanchezycia.com.ar/productos/repasador-corazon/,100,0
908526040,Repasador Corazon,TRAPOS FRANELAS Y REPASADORES > Repasadores,https://dcdn-us.mitiendanube.com/stores/001/405/077/products/f4a284ea-a879-4061-80ee-f45fc9831a8e-1a5786bc41c0b9358e17865589845039-1024-1024.webp,https://www.msanchezycia.com.ar/productos/repasador-corazon/,100,1
908526040,Repasador Corazon,TRAPOS FRANELAS Y REPASADORES > Repasadores,https://dcdn-us.mitiendanube.com/stores/001/405/077/products/9e82f9cc-43d0-40ac-a55c-057a1d0ca04d-560c30c4749c0cf9ac17865589943230-1024-1024.webp,https://www.msanchezycia.com.ar/productos/repasador-corazon/,100,2
908526040,Repasador Corazon,TRAPOS FRANELAS Y REPASADORES > Repasadores,https://dcdn-us.mitiendanube.com/stores/001/405/077/products/74-3-repasador-corazon-1342bc53066239d03e17860352923409-1024-1024.webp,https://www.msanchezycia.com.ar/productos/repasador-corazon/,100,3
908526040,Repasador Corazon,TRAPOS FRANELAS Y REPASADORES > Repasadores,https://dcdn-us.mitiendanube.com/stores/001/405/077/products/29fd3fda-cc96-4140-a7c9-021c77c4334e-5c07982ebb6b73a17a17865590052694-1024-1024.webp,https://www.msanchezycia.com.ar/productos/repasador-corazon/,100,4
908526040,Repasador Corazon,TRAPOS FRANELAS Y REPASADORES > Repasadores,https://dcdn-us.mitiendanube.com/stores/001/405/077/products/74-4-repasador-corazon-21c409a77efb24a77717860352957193-1024-1024.webp,https://www.msanchezycia.com.ar/productos/repasador-corazon/,100,5
908526022,Repasador Don Pack Hilo,TRAPOS FRANELAS Y REPASADORES > Repasadores,https://dcdn-us.mitiendanube.com/stores/001/405/077/products/75-rep-don-pak-hilo-4b1be29f316440ca2d17860354255155-1024-1024.webp,https://www.msanchezycia.com.ar/productos/repasador-don-pack-hilo/,100,0
908526022,Repasador Don Pack Hilo,TRAPOS FRANELAS Y REPASADORES > Repasadores,https://dcdn-us.mitiendanube.com/stores/001/405/077/products/b2df68c0-1b9e-48aa-aa2e-79b225f983e6-b19f17bc54654275e317865591474940-1024-1024.webp,https://www.msanchezycia.com.ar/productos/repasador-don-pack-hilo/,100,1
909024301,Trapo de Piso T/Baller,TRAPOS FRANELAS Y REPASADORES > Trapos piso,https://dcdn-us.mitiendanube.com/stores/001/405/077/products/76-tr-piso-tballer-c043b13afc5f6db0fc17860351457560-1024-1024.webp,https://www.msanchezycia.com.ar/productos/trapo-de-piso-t-baller/,100,0
907024212,Rejilla Tipo Ballerina Color (Suelta),TRAPOS FRANELAS Y REPASADORES > Trapos rejilla,https://dcdn-us.mitiendanube.com/stores/001/405/077/products/78-1-rej-tballerina-color-suelta-038e1a3ccbe85a2f7217860351792136-1024-1024.webp,https://www.msanchezycia.com.ar/productos/rejilla-tipo-ballerina-color-suelta/,100,0
907024212,Rejilla Tipo Ballerina Color (Suelta),TRAPOS FRANELAS Y REPASADORES > Trapos rejilla,https://dcdn-us.mitiendanube.com/stores/001/405/077/products/78-2-rej-tballerina-color-suelta-c1bd071f93dfc9ffd817860352380049-1024-1024.webp,https://www.msanchezycia.com.ar/productos/rejilla-tipo-ballerina-color-suelta/,100,1
907024212,Rejilla Tipo Ballerina Color (Suelta),TRAPOS FRANELAS Y REPASADORES > Trapos rejilla,https://dcdn-us.mitiendanube.com/stores/001/405/077/products/78-3-rej-tballerina-color-suelta-10f5f089479fe3565a17860352400002-1024-1024.webp,https://www.msanchezycia.com.ar/productos/rejilla-tipo-ballerina-color-suelta/,100,2
907024212,Rejilla Tipo Ballerina Color (Suelta),TRAPOS FRANELAS Y REPASADORES > Trapos rejilla,https://dcdn-us.mitiendanube.com/stores/001/405/077/products/78-4-rej-tballerina-color-suelta-984f8d08fe2e06cb9e17860352419983-1024-1024.webp,https://www.msanchezycia.com.ar/productos/rejilla-tipo-ballerina-color-suelta/,100,3
905025017,Franela 40x45 Eco SCHEZ,TRAPOS FRANELAS Y REPASADORES > Franelas,https://dcdn-us.mitiendanube.com/stores/001/405/077/products/product_036-a0de0b7433f79f98c117865592764962-1024-1024.webp,https://www.msanchezycia.com.ar/productos/franela-40x45-eco-schez/,100,0
905025017,Franela 40x45 Eco SCHEZ,TRAPOS FRANELAS Y REPASADORES > Franelas,https://dcdn-us.mitiendanube.com/stores/001/405/077/products/d1d1c9fb-fd5f-4d30-ac8b-a66562d3add6-32d3d4f98d776226d017865593091222-1024-1024.webp,https://www.msanchezycia.com.ar/productos/franela-40x45-eco-schez/,100,1
905025021,Franela Ch 40x50 SCHEZ,TRAPOS FRANELAS Y REPASADORES > Franelas,https://dcdn-us.mitiendanube.com/stores/001/405/077/products/80-franela-ch-40x50-schez-71b8b96a27eaf4fd1e17860350904818-1024-1024.webp,https://www.msanchezycia.com.ar/productos/franela-ch-40x50-schez/,100,0
905025021,Franela Ch 40x50 SCHEZ,TRAPOS FRANELAS Y REPASADORES > Franelas,https://dcdn-us.mitiendanube.com/stores/001/405/077/products/7a7051dd-2d71-4a21-91b1-6f0fbd4491c9-629f85a2f001d5cf8117865594407238-1024-1024.webp,https://www.msanchezycia.com.ar/productos/franela-ch-40x50-schez/,100,1
905025022,Franela Gde 50x60 SCHEZ,TRAPOS FRANELAS Y REPASADORES > Franelas,https://dcdn-us.mitiendanube.com/stores/001/405/077/products/81-franela-gde-50x60-schez-2c411c32dd2f9e9d3f17860351099147-1024-1024.webp,https://www.msanchezycia.com.ar/productos/franela-gde-50x60-schez/,100,0
909223009,Rejilla Cocina Esponja SCHEZ,TRAPOS FRANELAS Y REPASADORES > Trapos rejilla,https://dcdn-us.mitiendanube.com/stores/001/405/077/products/83-rej-cocina-esponja-schez-903f805c14b00d40d117860350205276-1024-1024.webp,https://www.msanchezycia.com.ar/productos/rejilla-cocina-esponja-schez/,100,0
909223009,Rejilla Cocina Esponja SCHEZ,TRAPOS FRANELAS Y REPASADORES > Trapos rejilla,https://dcdn-us.mitiendanube.com/stores/001/405/077/products/b6425eca-5715-45b9-9114-27c161b116eb-ad1af03fda756c86e117865596950293-1024-1024.webp,https://www.msanchezycia.com.ar/productos/rejilla-cocina-esponja-schez/,100,1
909223031,Rejilla Americana SCHEZ,TRAPOS FRANELAS Y REPASADORES > Trapos rejilla,https://dcdn-us.mitiendanube.com/stores/001/405/077/products/84-rej-americana-schez-99861372d2cb39654c17860350482139-1024-1024.webp,https://www.msanchezycia.com.ar/productos/rejilla-americana-schez/,100,0
909223020,Rejilla Americana ARI 2,TRAPOS FRANELAS Y REPASADORES > Trapos rejilla,https://dcdn-us.mitiendanube.com/stores/001/405/077/products/85-rej-americana-ari-2-4c9221cd67bc96a67117860349885518-1024-1024.webp,https://www.msanchezycia.com.ar/productos/rejilla-americana-ari-2/,100,0
909223020,Rejilla Americana ARI 2,TRAPOS FRANELAS Y REPASADORES > Trapos rejilla,https://dcdn-us.mitiendanube.com/stores/001/405/077/products/381593f7-73f1-481d-a678-1500dcf512f1-a4d4660d811637cdb617865598762651-1024-1024.webp,https://www.msanchezycia.com.ar/productos/rejilla-americana-ari-2/,100,1
909223021,Rejilla Americana ARI 3,TRAPOS FRANELAS Y REPASADORES > Trapos rejilla,https://dcdn-us.mitiendanube.com/stores/001/405/077/products/86-rej-americana-ari-3-04e2a730a5d6fc4a5e17860350052027-1024-1024.webp,https://www.msanchezycia.com.ar/productos/rejilla-americana-ari-3/,100,0
909223021,Rejilla Americana ARI 3,TRAPOS FRANELAS Y REPASADORES > Trapos rejilla,https://dcdn-us.mitiendanube.com/stores/001/405/077/products/012d143a-769b-4bfe-bacc-e63a3aeee195-c48372652e4a016b3517865599361247-1024-1024.webp,https://www.msanchezycia.com.ar/productos/rejilla-americana-ari-3/,100,1
909223022,Rejilla Americana ARI 4,TRAPOS FRANELAS Y REPASADORES > Trapos rejilla,https://dcdn-us.mitiendanube.com/stores/001/405/077/products/87-rej-americana-ari-4-f88dac5364bcac9bbd17860347287455-1024-1024.webp,https://www.msanchezycia.com.ar/productos/rejilla-americana-ari-4/,100,0
909223022,Rejilla Americana ARI 4,TRAPOS FRANELAS Y REPASADORES > Trapos rejilla,https://dcdn-us.mitiendanube.com/stores/001/405/077/products/d2648149-01d4-435a-9794-57422c2e9bc2-db4aaae6819ef2baeb17865599793650-1024-1024.webp,https://www.msanchezycia.com.ar/productos/rejilla-americana-ari-4/,100,1
909223024,Rejilla Pabilo N° 13 ARI,TRAPOS FRANELAS Y REPASADORES > Trapos rejilla,https://dcdn-us.mitiendanube.com/stores/001/405/077/products/88-rej-pabilo-n-13-ari-e1c4b05fbe8f318a4a17860349635476-1024-1024.webp,https://www.msanchezycia.com.ar/productos/rejilla-pabilo-n-13-ari/,100,0
909223024,Rejilla Pabilo N° 13 ARI,TRAPOS FRANELAS Y REPASADORES > Trapos rejilla,https://dcdn-us.mitiendanube.com/stores/001/405/077/products/product_053-d2fce12491693aecd917865600877964-1024-1024.webp,https://www.msanchezycia.com.ar/productos/rejilla-pabilo-n-13-ari/,100,1
909223025,Rejilla Pabilo N° 10 ARI,TRAPOS FRANELAS Y REPASADORES > Trapos rejilla,https://dcdn-us.mitiendanube.com/stores/001/405/077/products/89-rej-pabilo-n-10-ari-d127ad7c7857efb27217860346663785-1024-1024.webp,https://www.msanchezycia.com.ar/productos/rejilla-pabilo-n-10-ari/,100,0
909223025,Rejilla Pabilo N° 10 ARI,TRAPOS FRANELAS Y REPASADORES > Trapos rejilla,https://dcdn-us.mitiendanube.com/stores/001/405/077/products/ddbff199-8ae4-46d7-a4b5-7a08e727633a-eb9b5446a89f94a25617865603307053-1024-1024.webp,https://www.msanchezycia.com.ar/productos/rejilla-pabilo-n-10-ari/,100,1
909223027,Rejilla Doble Cocina N°16 ARI,TRAPOS FRANELAS Y REPASADORES > Trapos rejilla,https://dcdn-us.mitiendanube.com/stores/001/405/077/products/90-rej-doble-cocina-n16-ari-28e85b44568a48efa417860346997187-1024-1024.webp,https://www.msanchezycia.com.ar/productos/rejilla-doble-cocina-n16-ari/,100,0
909223027,Rejilla Doble Cocina N°16 ARI,TRAPOS FRANELAS Y REPASADORES > Trapos rejilla,https://dcdn-us.mitiendanube.com/stores/001/405/077/products/303c9739-5681-4a0c-ac26-3f69e3f36690-5777b613de6191514517865605048177-1024-1024.webp,https://www.msanchezycia.com.ar/productos/rejilla-doble-cocina-n16-ari/,100,1
909223015,Rejilla Esponja N°20 ARI,TRAPOS FRANELAS Y REPASADORES > Trapos rejilla,https://dcdn-us.mitiendanube.com/stores/001/405/077/products/91-rej-esponja-n20-ari-3ed0c0de385707326217860346018832-1024-1024.webp,https://www.msanchezycia.com.ar/productos/rejilla-esponja-n-20-ari/,100,0
909223015,Rejilla Esponja N°20 ARI,TRAPOS FRANELAS Y REPASADORES > Trapos rejilla,https://dcdn-us.mitiendanube.com/stores/001/405/077/products/7f49e71c-a1d1-41a8-9e9c-ce058d588c65-d0293500fe30ea736117865605731148-1024-1024.webp,https://www.msanchezycia.com.ar/productos/rejilla-esponja-n-20-ari/,100,1
909223030,Rejilla Rayadita La Maga,TRAPOS FRANELAS Y REPASADORES > Trapos rejilla,https://dcdn-us.mitiendanube.com/stores/001/405/077/products/92-rej-rayadita-la-maga-209a7167e8813509be17860346427737-1024-1024.webp,https://www.msanchezycia.com.ar/productos/rejilla-rayadita-la-maga/,100,0
909223030,Rejilla Rayadita La Maga,TRAPOS FRANELAS Y REPASADORES > Trapos rejilla,https://dcdn-us.mitiendanube.com/stores/001/405/077/products/b9309288-258d-453c-9cba-a053fa72ff66-6420b588217d51ed5a17865648120044-1024-1024.webp,https://www.msanchezycia.com.ar/productos/rejilla-rayadita-la-maga/,100,1
909223016,Rejilla Pabilo TM,TRAPOS FRANELAS Y REPASADORES > Trapos rejilla,https://dcdn-us.mitiendanube.com/stores/001/405/077/products/93-rej-pabilo-tm-0556bf9fbe8061290e17860345112740-1024-1024.webp,https://www.msanchezycia.com.ar/productos/rejilla-pabilo-tm/,100,0
909223016,Rejilla Pabilo TM,TRAPOS FRANELAS Y REPASADORES > Trapos rejilla,https://dcdn-us.mitiendanube.com/stores/001/405/077/products/2abb38a5-b4d9-4fe5-aaa3-ea39509cb2eb-fd59b2fb81bb75b3d117865649959863-1024-1024.webp,https://www.msanchezycia.com.ar/productos/rejilla-pabilo-tm/,100,1
909022107,Trapo de Piso Bl 48x62 Mister,TRAPOS FRANELAS Y REPASADORES > Trapos piso,https://dcdn-us.mitiendanube.com/stores/001/405/077/products/94-tr-piso-bl-48x62-mister-_-89a1d0f94d5a9131fc17860345384514-1024-1024.webp,https://www.msanchezycia.com.ar/productos/trapo-de-piso-bl-48x62-mister/,100,0
909022107,Trapo de Piso Bl 48x62 Mister,TRAPOS FRANELAS Y REPASADORES > Trapos piso,https://dcdn-us.mitiendanube.com/stores/001/405/077/products/da0d81c0-ba01-41bc-83d4-0eae4c7503d9-d084c28186763230db17865651963394-1024-1024.webp,https://www.msanchezycia.com.ar/productos/trapo-de-piso-bl-48x62-mister/,100,1
909222303,Trapo de Piso Nido Blanco SCHEZ,TRAPOS FRANELAS Y REPASADORES > Trapos piso,https://dcdn-us.mitiendanube.com/stores/001/405/077/products/95-tr-piso-nido-bco-schez-a7e98645875953642217860345694976-1024-1024.webp,https://www.msanchezycia.com.ar/productos/trapo-de-piso-nido-blanco-schez/,100,0
909022106,Trapo de Piso Bl 50x60 La Maga,TRAPOS FRANELAS Y REPASADORES > Trapos piso,https://dcdn-us.mitiendanube.com/stores/001/405/077/products/96-tr-piso-bl-50x60-la-maga-6cb4909aa1146c3f0717860344499287-1024-1024.webp,https://www.msanchezycia.com.ar/productos/trapo-de-piso-bl-50x60-la-maga/,100,0
909022106,Trapo de Piso Bl 50x60 La Maga,TRAPOS FRANELAS Y REPASADORES > Trapos piso,https://dcdn-us.mitiendanube.com/stores/001/405/077/products/ecc0e1a2-4b00-4035-a433-4d877612a2de-269160bbb029d89bda17865662848522-1024-1024.webp,https://www.msanchezycia.com.ar/productos/trapo-de-piso-bl-50x60-la-maga/,100,1
909022310,Trapo de Piso Cuadré Grande INDUTEX,TRAPOS FRANELAS Y REPASADORES > Trapos piso,https://dcdn-us.mitiendanube.com/stores/001/405/077/products/97-tr-piso-cuadr-gd-indutex-8b3ace6e4595740f8f17860344793095-1024-1024.webp,https://www.msanchezycia.com.ar/productos/trapo-de-piso-cuadre-grande-indutex/,100,0
909022310,Trapo de Piso Cuadré Grande INDUTEX,TRAPOS FRANELAS Y REPASADORES > Trapos piso,https://dcdn-us.mitiendanube.com/stores/001/405/077/products/1d32b1be-9dbf-443d-a88c-4e25442af7d8-4e9ba7cc33de3061e117865663630954-1024-1024.webp,https://www.msanchezycia.com.ar/productos/trapo-de-piso-cuadre-grande-indutex/,100,1
909022005,Trapo de Piso Gr 60x70 Profesional Mister,TRAPOS FRANELAS Y REPASADORES > Trapos piso,https://dcdn-us.mitiendanube.com/stores/001/405/077/products/98-tr-piso-gr-60x70-prof-mr-b394dd41a43dfad5c017860344019778-1024-1024.webp,https://www.msanchezycia.com.ar/productos/trapo-de-piso-gr-60x70-profesional-mister/,100,0
909022019,Trapo de Piso Gr SCHEZ,TRAPOS FRANELAS Y REPASADORES > Trapos piso,https://dcdn-us.mitiendanube.com/stores/001/405/077/products/99-tr-piso-gr-schez-a860b92567317ee13f17860344294394-1024-1024.webp,https://www.msanchezycia.com.ar/productos/trapo-de-piso-gr-schez/,100,0
909022006,Trapo de Piso Gr 48x62 Mister,TRAPOS FRANELAS Y REPASADORES > Trapos piso,https://dcdn-us.mitiendanube.com/stores/001/405/077/products/100-tr-piso-gr-48x62-mister-fbf3cb4cc2659b7d9217860343405924-1024-1024.webp,https://www.msanchezycia.com.ar/productos/trapo-de-piso-gr-48x62-mister/,100,0
909222202,Trapo de Piso Rayado Chico INDUTEX,TRAPOS FRANELAS Y REPASADORES > Trapos piso,https://dcdn-us.mitiendanube.com/stores/001/405/077/products/101-tr-piso-ray-ch-indutex-4aed02f64a05c035be17860343653651-1024-1024.webp,https://www.msanchezycia.com.ar/productos/trapo-de-piso-rayado-chico-indutex/,100,0
909022014,Trapo de Piso Gr 60x70 La Maga,TRAPOS FRANELAS Y REPASADORES > Trapos piso,https://dcdn-us.mitiendanube.com/stores/001/405/077/products/102-tr-piso-gr-60x70-la-maga-bfc451815cfc19fbeb17860342685636-1024-1024.webp,https://www.msanchezycia.com.ar/productos/trapo-de-piso-gr-60x70-la-maga/,100,0
203035001,Desodorante para Mingitorio 200 gr SCHEZ,DESINFECTANTES E INSECTICIDAS > Aromatizadores,https://dcdn-us.mitiendanube.com/stores/001/405/077/products/103-desod-pmingitorio-200-gr-schez-978f7702d990fcc4bc17860343033809-1024-1024.webp,https://www.msanchezycia.com.ar/productos/desodorante-para-mingitorio-200-gr-schez/,100,0
205035025,Antipolilla 200gr ByePol,DESINFECTANTES E INSECTICIDAS > Insecticidas,https://dcdn-us.mitiendanube.com/stores/001/405/077/products/104-antipolilla-200gr-byepol-ebdbeaa2f5bb4a0cd417860341951499-1024-1024.webp,https://www.msanchezycia.com.ar/productos/antipolilla-200gr-byepol/,100,0
205035027,Antipolilla Perfumada ByePol 200g,DESINFECTANTES E INSECTICIDAS > Insecticidas,https://dcdn-us.mitiendanube.com/stores/001/405/077/products/105-antipol-perf-byepol-200g-21eaca2ade31f8735b17860342284349-1024-1024.webp,https://www.msanchezycia.com.ar/productos/antipolilla-perfumada-byepol-200g/,100,0
205035022,Naftalina Perfumada IBERIA,DESINFECTANTES E INSECTICIDAS > Insecticidas,https://dcdn-us.mitiendanube.com/stores/001/405/077/products/106-naftalina-perfumada-iberia-a77caf7cc0917670a217860341306371-1024-1024.webp,https://www.msanchezycia.com.ar/productos/naftalina-perfumada-iberia/,100,0
205035020,Naftalina x200gr DBP,DESINFECTANTES E INSECTICIDAS > Insecticidas,https://dcdn-us.mitiendanube.com/stores/001/405/077/products/107-naftalina-x200gr-dbp-e2acd43cd03dcc8ef817860341634231-1024-1024.webp,https://www.msanchezycia.com.ar/productos/naftalina-x200gr-dbp/,100,0
907024249,Paño Microfibra 40x40 AJ04,TRAPOS FRANELAS Y REPASADORES > Paños limpiadores,https://dcdn-us.mitiendanube.com/stores/001/405/077/products/108-pano-microf-40x40-aj04-9ef48ce4fdb8a6b09317860091959635-1024-1024.webp,https://www.msanchezycia.com.ar/productos/pano-microfibra-40x40-aj04/,100,0
907024249,Paño Microfibra 40x40 AJ04,TRAPOS FRANELAS Y REPASADORES > Paños limpiadores,https://dcdn-us.mitiendanube.com/stores/001/405/077/products/product_114-b15c8787e06de6883f17865665734089-1024-1024.webp,https://www.msanchezycia.com.ar/productos/pano-microfibra-40x40-aj04/,100,1
907024249,Paño Microfibra 40x40 AJ04,TRAPOS FRANELAS Y REPASADORES > Paños limpiadores,https://dcdn-us.mitiendanube.com/stores/001/405/077/products/eefd68da-3e0d-43da-a94f-6e65979eb969-5cf7651b2028947f0217865667101598-1024-1024.webp,https://www.msanchezycia.com.ar/productos/pano-microfibra-40x40-aj04/,100,2
907024227,Paño Microfibra T&amp;T Vidr 30x35,TRAPOS FRANELAS Y REPASADORES > Paños limpiadores,https://dcdn-us.mitiendanube.com/stores/001/405/077/products/109-pano-micr-tt-vidr-30x35-a0a6cd20f9f767715317860092268288-1024-1024.webp,https://www.msanchezycia.com.ar/productos/pano-microfibra-t-t-vidr-30x35/,100,0
907024227,Paño Microfibra T&amp;T Vidr 30x35,TRAPOS FRANELAS Y REPASADORES > Paños limpiadores,https://dcdn-us.mitiendanube.com/stores/001/405/077/products/product_196-73d82a55b7973612b217865670028227-1024-1024.webp,https://www.msanchezycia.com.ar/productos/pano-microfibra-t-t-vidr-30x35/,100,1
907024227,Paño Microfibra T&amp;T Vidr 30x35,TRAPOS FRANELAS Y REPASADORES > Paños limpiadores,https://dcdn-us.mitiendanube.com/stores/001/405/077/products/product_105-530bdc449e1e33b3b717865668526215-1024-1024.webp,https://www.msanchezycia.com.ar/productos/pano-microfibra-t-t-vidr-30x35/,100,2
907024227,Paño Microfibra T&amp;T Vidr 30x35,TRAPOS FRANELAS Y REPASADORES > Paños limpiadores,https://dcdn-us.mitiendanube.com/stores/001/405/077/products/photo_054-4e684bfe880921d9b117865668527225-1024-1024.webp,https://www.msanchezycia.com.ar/productos/pano-microfibra-t-t-vidr-30x35/,100,3
907024229,Paño Microfibra Perf SZ48,TRAPOS FRANELAS Y REPASADORES > Paños limpiadores,https://dcdn-us.mitiendanube.com/stores/001/405/077/products/110-pano-microf-perf-sz48-7269407c73a49cbf3a17860104735360-1024-1024.webp,https://www.msanchezycia.com.ar/productos/pano-microfibra-perf-sz48/,100,0
907024229,Paño Microfibra Perf SZ48,TRAPOS FRANELAS Y REPASADORES > Paños limpiadores,https://dcdn-us.mitiendanube.com/stores/001/405/077/products/photo_072-9374eb388bc3a1b63417865669672712-1024-1024.webp,https://www.msanchezycia.com.ar/productos/pano-microfibra-perf-sz48/,100,1
907024229,Paño Microfibra Perf SZ48,TRAPOS FRANELAS Y REPASADORES > Paños limpiadores,https://dcdn-us.mitiendanube.com/stores/001/405/077/products/photo_048-9823ddb433fad032ef17865669671060-1024-1024.webp,https://www.msanchezycia.com.ar/productos/pano-microfibra-perf-sz48/,100,2
907024229,Paño Microfibra Perf SZ48,TRAPOS FRANELAS Y REPASADORES > Paños limpiadores,https://dcdn-us.mitiendanube.com/stores/001/405/077/products/product_145-307013efc5399dcbdf17865669671922-1024-1024.webp,https://www.msanchezycia.com.ar/productos/pano-microfibra-perf-sz48/,100,3
51716008,Esponja Mágica T&amp;T ES006-H,BAÑO > Esponjas,https://dcdn-us.mitiendanube.com/stores/001/405/077/products/111-espon-magica-tt-es006-h-61c02d54249dc0f0c617860091258437-1024-1024.webp,https://www.msanchezycia.com.ar/productos/esponja-magica-t-t-es006-h/,100,0
51716008,Esponja Mágica T&amp;T ES006-H,BAÑO > Esponjas,https://dcdn-us.mitiendanube.com/stores/001/405/077/products/2f8e46fc-f258-41e3-9bab-a5a1d5a7b0a3-d5d16a11d50a8d1a6917865670769966-1024-1024.webp,https://www.msanchezycia.com.ar/productos/esponja-magica-t-t-es006-h/,100,1
907024259,Paño Microfibra 60x90 (AJ53),TRAPOS FRANELAS Y REPASADORES > Paños limpiadores,https://dcdn-us.mitiendanube.com/stores/001/405/077/products/112-pano-microfibra-60x90-aj53-c12a4365a4baf490e117860091473032-1024-1024.webp,https://www.msanchezycia.com.ar/productos/pano-microfibra-60x90-aj53/,100,0
907024259,Paño Microfibra 60x90 (AJ53),TRAPOS FRANELAS Y REPASADORES > Paños limpiadores,https://dcdn-us.mitiendanube.com/stores/001/405/077/products/efa70a3a-6fb8-4d56-b849-c7ed6f2e1601-51c97074fbb936e26917865671221878-1024-1024.webp,https://www.msanchezycia.com.ar/productos/pano-microfibra-60x90-aj53/,100,1
907024259,Paño Microfibra Quitagrasa AJ07H,TRAPOS FRANELAS Y REPASADORES > Paños limpiadores,https://dcdn-us.mitiendanube.com/stores/001/405/077/products/product_photo_005-8a0fa05d2a5476642817865673515899-1024-1024.webp,https://www.msanchezycia.com.ar/productos/pano-microfibra-quitagrasa-aj07h/,100,2
907024259,Paño Microfibra Quitagrasa AJ07H,TRAPOS FRANELAS Y REPASADORES > Paños limpiadores,https://dcdn-us.mitiendanube.com/stores/001/405/077/products/product_146-42e80c696451922a1c17865673518053-1024-1024.webp,https://www.msanchezycia.com.ar/productos/pano-microfibra-quitagrasa-aj07h/,100,3
907024259,Paño Microfibra Quitagrasa AJ07H,TRAPOS FRANELAS Y REPASADORES > Paños limpiadores,https://dcdn-us.mitiendanube.com/stores/001/405/077/products/product_142-6b3de817f65f831a4217865673514665-1024-1024.webp,https://www.msanchezycia.com.ar/productos/pano-microfibra-quitagrasa-aj07h/,100,4
907024259,Paño Microfibra Quitagrasa AJ07H,TRAPOS FRANELAS Y REPASADORES > Paños limpiadores,https://dcdn-us.mitiendanube.com/stores/001/405/077/products/product_130-7799e64aac63966d3917865673518886-1024-1024.webp,https://www.msanchezycia.com.ar/productos/pano-microfibra-quitagrasa-aj07h/,100,5
907024225,Paño Microfibra T&amp;T 35x35,TRAPOS FRANELAS Y REPASADORES > Paños limpiadores,https://dcdn-us.mitiendanube.com/stores/001/405/077/products/114-pano-microf-tt-35x35-96aae430bb05bfdfe617860090958817-1024-1024.webp,https://www.msanchezycia.com.ar/productos/pano-microfibra-t-t-35x35/,100,0
907024225,Paño Microfibra T&amp;T 35x35,TRAPOS FRANELAS Y REPASADORES > Paños limpiadores,https://dcdn-us.mitiendanube.com/stores/001/405/077/products/product_113-8eb9bf5e6e80c696fd17865675087272-1024-1024.webp,https://www.msanchezycia.com.ar/productos/pano-microfibra-t-t-35x35/,100,1
907024225,Paño Microfibra T&amp;T 35x35,TRAPOS FRANELAS Y REPASADORES > Paños limpiadores,https://dcdn-us.mitiendanube.com/stores/001/405/077/products/photo_046-f86dae6c5d7785a5f617865675091063-1024-1024.webp,https://www.msanchezycia.com.ar/productos/pano-microfibra-t-t-35x35/,100,2
907024225,Paño Microfibra T&amp;T 35x35,TRAPOS FRANELAS Y REPASADORES > Paños limpiadores,https://dcdn-us.mitiendanube.com/stores/001/405/077/products/95330b6d-9025-4ee9-9eb3-7ca1eb2c0b44-6251ecfee87d4ed9ef17865675735148-1024-1024.webp,https://www.msanchezycia.com.ar/productos/pano-microfibra-t-t-35x35/,100,3
907024228,Paño Microfibra Doble Accion,TRAPOS FRANELAS Y REPASADORES > Paños limpiadores,https://dcdn-us.mitiendanube.com/stores/001/405/077/products/115-pano-microf-doble-accion-08b47c7900ddbc340917860090087336-1024-1024.webp,https://www.msanchezycia.com.ar/productos/pano-microfibra-doble-accion/,100,0
907024228,Paño Microfibra Doble Accion,TRAPOS FRANELAS Y REPASADORES > Paños limpiadores,https://dcdn-us.mitiendanube.com/stores/001/405/077/products/product_111-2c5a768c1b9da13f2317865676534205-1024-1024.webp,https://www.msanchezycia.com.ar/productos/pano-microfibra-doble-accion/,100,1
907024228,Paño Microfibra Doble Accion,TRAPOS FRANELAS Y REPASADORES > Paños limpiadores,https://dcdn-us.mitiendanube.com/stores/001/405/077/products/product_159-6f6229a86ba6e46f8917865676532895-1024-1024.webp,https://www.msanchezycia.com.ar/productos/pano-microfibra-doble-accion/,100,2
907024228,Paño Microfibra Doble Accion,TRAPOS FRANELAS Y REPASADORES > Paños limpiadores,https://dcdn-us.mitiendanube.com/stores/001/405/077/products/product_154-d369c5c4f3db193a6417865676533064-1024-1024.webp,https://www.msanchezycia.com.ar/productos/pano-microfibra-doble-accion/,100,3
907024228,Paño Microfibra Doble Accion,TRAPOS FRANELAS Y REPASADORES > Paños limpiadores,https://dcdn-us.mitiendanube.com/stores/001/405/077/products/d8dc9fcb-6a47-4423-ac83-30246f5cccf9-1ad927b39d714e0d3e17865677252307-1024-1024.webp,https://www.msanchezycia.com.ar/productos/pano-microfibra-doble-accion/,100,4
907024235,Paño Microfibra x4 T&amp;T AJ01H,TRAPOS FRANELAS Y REPASADORES > Paños limpiadores,https://dcdn-us.mitiendanube.com/stores/001/405/077/products/116-pano-microf-x4-tt-aj01h-372c16dd909e828df217860090273047-1024-1024.webp,https://www.msanchezycia.com.ar/productos/pano-microfibra-x4-t-t-aj01h/,100,0
907024235,Paño Microfibra x4 T&amp;T AJ01H,TRAPOS FRANELAS Y REPASADORES > Paños limpiadores,https://dcdn-us.mitiendanube.com/stores/001/405/077/products/product_134-ff25b73d93f599d13917865678222765-1024-1024.webp,https://www.msanchezycia.com.ar/productos/pano-microfibra-x4-t-t-aj01h/,100,1
907024235,Paño Microfibra x4 T&amp;T AJ01H,TRAPOS FRANELAS Y REPASADORES > Paños limpiadores,https://dcdn-us.mitiendanube.com/stores/001/405/077/products/40279211-8d89-4eac-b11c-d0eb367944bc-edf5c06fb779f345e117865679182698-1024-1024.webp,https://www.msanchezycia.com.ar/productos/pano-microfibra-x4-t-t-aj01h/,100,2
Sin código,Paño Micro 30x30 Doble Cara (AJ14H),TRAPOS FRANELAS Y REPASADORES > Paños limpiadores,https://dcdn-us.mitiendanube.com/stores/001/405/077/products/117-pano-micro-30x30-doble-cara-aj14h-266ede147f526f42f217860090505892-1024-1024.webp,https://www.msanchezycia.com.ar/productos/pano-micro-30x30-doble-cara-aj14h/,100,0
Sin código,Paño Micro 30x30 Doble Cara (AJ14H),TRAPOS FRANELAS Y REPASADORES > Paños limpiadores,https://dcdn-us.mitiendanube.com/stores/001/405/077/products/product_104-157afa0a2e0466301217865679716609-1024-1024.webp,https://www.msanchezycia.com.ar/productos/pano-micro-30x30-doble-cara-aj14h/,100,1
Sin código,Paño Micro 30x30 Doble Cara (AJ14H),TRAPOS FRANELAS Y REPASADORES > Paños limpiadores,https://dcdn-us.mitiendanube.com/stores/001/405/077/products/product_198-7e99e992ee7e50ec8717865679714489-1024-1024.webp,https://www.msanchezycia.com.ar/productos/pano-micro-30x30-doble-cara-aj14h/,100,2
Sin código,Paño Micro 30x30 Doble Cara (AJ14H),TRAPOS FRANELAS Y REPASADORES > Paños limpiadores,https://dcdn-us.mitiendanube.com/stores/001/405/077/products/product_161-e37e4b14250e29984917865679718495-1024-1024.webp,https://www.msanchezycia.com.ar/productos/pano-micro-30x30-doble-cara-aj14h/,100,3
Sin código,Esponja Doble Cara (LE55),BAÑO > Esponjas,https://dcdn-us.mitiendanube.com/stores/001/405/077/products/118-esponja-doble-cara-le55-8ca7c75619cab288d417860089648585-1024-1024.webp,https://www.msanchezycia.com.ar/productos/esponja-doble-cara-le55/,100,4
Sin código,Esponja Doble Cara (LE55),BAÑO > Esponjas,https://dcdn-us.mitiendanube.com/stores/001/405/077/products/product_192-38a0fe3bb0d354978417865680475796-1024-1024.webp,https://www.msanchezycia.com.ar/productos/esponja-doble-cara-le55/,100,5
Sin código,Esponja Doble Cara (LE55),BAÑO > Esponjas,https://dcdn-us.mitiendanube.com/stores/001/405/077/products/a388b0fb-7e64-402a-9e4f-95a5c2560f7a-b669fd1e045fe72ec417865680979799-1024-1024.webp,https://www.msanchezycia.com.ar/productos/esponja-doble-cara-le55/,100,6
907024250,Paño Microfibra x3 Mul SZ051,TRAPOS FRANELAS Y REPASADORES > Paños limpiadores,https://dcdn-us.mitiendanube.com/stores/001/405/077/products/119-pano-micr-x3-mul-sz051-362f6f932f89dff97617860089895711-1024-1024.webp,https://www.msanchezycia.com.ar/productos/pano-microfibra-x3-mul-sz051/,100,0
907024250,Paño Microfibra x3 Mul SZ051,TRAPOS FRANELAS Y REPASADORES > Paños limpiadores,https://dcdn-us.mitiendanube.com/stores/001/405/077/products/61e576b7-5755-479c-979f-18a3fe768804-4c74ab9aa651daa80817865682927173-1024-1024.webp,https://www.msanchezycia.com.ar/productos/pano-microfibra-x3-mul-sz051/,100,1
907024250,Paño Microfibra x3 Mul SZ051,TRAPOS FRANELAS Y REPASADORES > Paños limpiadores,https://dcdn-us.mitiendanube.com/stores/001/405/077/products/7abd7857-008a-46a3-9be5-f9535514f420-e4da7961739f7bdfd817865682575379-1024-1024.webp,https://www.msanchezycia.com.ar/productos/pano-microfibra-x3-mul-sz051/,100,2
80621030,Bolsa de Residuo 60x90 (x10),Productos,https://dcdn-us.mitiendanube.com/stores/001/405/077/products/cc13587a-ffa8-4665-9af4-f8dd43f565f3-6ebfbe62e9eb354b4c17865683770092-1024-1024.webp,https://www.msanchezycia.com.ar/productos/bolsa-de-residuo-60x90-x10/,100,0
80621030,Bolsa de Residuo 60x90 (x10),Productos,https://dcdn-us.mitiendanube.com/stores/001/405/077/products/product_photo_002-0959a7209a1739645917865683795176-1024-1024.webp,https://www.msanchezycia.com.ar/productos/bolsa-de-residuo-60x90-x10/,100,1
80621020,Bolsa de Residuo 50x70 (x10),BAZAR > Bolsas residuos,https://dcdn-us.mitiendanube.com/stores/001/405/077/products/6a69e250-111c-4ff4-a000-b404475ed3d1-c3d3b3db52c097be3f17865684024162-1024-1024.webp,https://www.msanchezycia.com.ar/productos/bolsa-de-residuo-50x70-x10/,100,0
80621020,Bolsa de Residuo 50x70 (x10),BAZAR > Bolsas residuos,https://dcdn-us.mitiendanube.com/stores/001/405/077/products/product_photo_002-caa69a6b6f47c11d1c17865684085486-1024-1024.webp,https://www.msanchezycia.com.ar/productos/bolsa-de-residuo-50x70-x10/,100,1
80621070,Bolsa de Residuo 80x110 (x10),BAZAR > Bolsas residuos,https://dcdn-us.mitiendanube.com/stores/001/405/077/products/d0098b33-e796-4591-a37a-120e7abaf370-6bae25d51d392bf36917865684306426-1024-1024.webp,https://www.msanchezycia.com.ar/productos/bolsa-de-residuo-80x110-x10/,100,0
80621070,Bolsa de Residuo 80x110 (x10),BAZAR > Bolsas residuos,https://dcdn-us.mitiendanube.com/stores/001/405/077/products/product_photo_002-b3221bde3a31b4fb8217865684328036-1024-1024.webp,https://www.msanchezycia.com.ar/productos/bolsa-de-residuo-80x110-x10/,100,1
80621010,Bolsa de Residuo 45x60 (x10),BAZAR > Bolsas residuos,https://dcdn-us.mitiendanube.com/stores/001/405/077/products/123-bolsa-res-45x60-x10-0a001fa12c9678aeb917860087664393-1024-1024.webp,https://www.msanchezycia.com.ar/productos/bolsa-de-residuo-45x60-x10/,100,0
80621010,Bolsa de Residuo 45x60 (x10),BAZAR > Bolsas residuos,https://dcdn-us.mitiendanube.com/stores/001/405/077/products/product_photo_002-49917b2ce0f15a394117865684470813-1024-1024.webp,https://www.msanchezycia.com.ar/productos/bolsa-de-residuo-45x60-x10/,100,1
83023112,Guante MAPA Plisse,Productos,https://dcdn-us.mitiendanube.com/stores/001/405/077/products/125-guante-mapa-plisse-3954da3e6e9225404917860088354842-1024-1024.webp,https://www.msanchezycia.com.ar/productos/guante-mapa-plisse/,100,0
83023112,Guante MAPA Plisse,Productos,https://dcdn-us.mitiendanube.com/stores/001/405/077/products/photo_003-4a447c10b57e3f937617865685044514-1024-1024.webp,https://www.msanchezycia.com.ar/productos/guante-mapa-plisse/,100,1
909223033,Rejilla Auto SCHEZ,TRAPOS FRANELAS Y REPASADORES > Trapos rejilla,https://dcdn-us.mitiendanube.com/stores/001/405/077/products/126-rej-auto-schez-3a36e2f9785f0cb63817860086419080-1024-1024.webp,https://www.msanchezycia.com.ar/productos/rejilla-auto-schez/,100,0
909223033,Rejilla Auto SCHEZ,TRAPOS FRANELAS Y REPASADORES > Trapos rejilla,https://dcdn-us.mitiendanube.com/stores/001/405/077/products/cee7d037-ec9f-4d24-906a-191156a35f96-579ab4e2250ce9dcd817865691077020-1024-1024.webp,https://www.msanchezycia.com.ar/productos/rejilla-auto-schez/,100,1
909223033,Rejilla Auto SCHEZ,TRAPOS FRANELAS Y REPASADORES > Trapos rejilla,https://dcdn-us.mitiendanube.com/stores/001/405/077/products/aa7e7782-d95f-4447-afb7-88e23290c9af-05a1a18dd363a63ad617865691121643-1024-1024.webp,https://www.msanchezycia.com.ar/productos/rejilla-auto-schez/,100,2
909022112,Trapo de Piso Gr 50X60 La Maga,TRAPOS FRANELAS Y REPASADORES > Trapos piso,https://dcdn-us.mitiendanube.com/stores/001/405/077/products/128-tr-piso-gr-50x60-la-maga-cf583770507194d9ca17860088170640-1024-1024.webp,https://www.msanchezycia.com.ar/productos/trapo-de-piso-gr-50x60-la-maga/,100,0
Sin código,Microfibra x12 Redondos LAFFITE (AJ060),TRAPOS FRANELAS Y REPASADORES > Paños limpiadores,https://dcdn-us.mitiendanube.com/stores/001/405/077/products/130-microf-x12-redondos-laffite-aj060-b623d2979ea14f68d117860086167189-1024-1024.webp,https://www.msanchezycia.com.ar/productos/microfibra-x12-redondos-laffite-aj060/,100,0
Sin código,Microfibra x12 Redondos LAFFITE (AJ060),TRAPOS FRANELAS Y REPASADORES > Paños limpiadores,https://dcdn-us.mitiendanube.com/stores/001/405/077/products/product_020-357405e76b783e912417865691885762-1024-1024.webp,https://www.msanchezycia.com.ar/productos/microfibra-x12-redondos-laffite-aj060/,100,1
Sin código,Microfibra x12 Redondos LAFFITE (AJ060),TRAPOS FRANELAS Y REPASADORES > Paños limpiadores,https://dcdn-us.mitiendanube.com/stores/001/405/077/products/product_040-df2076675a6ed6375817865691889775-1024-1024.webp,https://www.msanchezycia.com.ar/productos/microfibra-x12-redondos-laffite-aj060/,100,2
Sin código,Microfibra x12 Redondos LAFFITE (AJ060),TRAPOS FRANELAS Y REPASADORES > Paños limpiadores,https://dcdn-us.mitiendanube.com/stores/001/405/077/products/product_001-f35b8c89f1826eef2a17865691889754-1024-1024.webp,https://www.msanchezycia.com.ar/productos/microfibra-x12-redondos-laffite-aj060/,100,3
Sin código,Microfibra x12 Redondos LAFFITE (AJ060),TRAPOS FRANELAS Y REPASADORES > Paños limpiadores,https://dcdn-us.mitiendanube.com/stores/001/405/077/products/product_015-27b7b16cd64c87492317865691889073-1024-1024.webp,https://www.msanchezycia.com.ar/productos/microfibra-x12-redondos-laffite-aj060/,100,4
348012020,Toalla COD 200 Premium PQ,LIMPIEZA INSTITUCIONAL > Toallas y Papeles,https://dcdn-us.mitiendanube.com/stores/001/405/077/products/131_348012020_toalla_cod_200_prem_pq-c6d19c42a0aba802ea17860593189711-1024-1024.webp,https://www.msanchezycia.com.ar/productos/toalla-cod-200-premium-pq/,100,0
348012020,Toalla COD 200 Premium PQ,LIMPIEZA INSTITUCIONAL > Toallas y Papeles,https://dcdn-us.mitiendanube.com/stores/001/405/077/products/product_retouching_and_relightin_202608121628-98a766569ae7c2e0b417865703301241-1024-1024.webp,https://www.msanchezycia.com.ar/productos/toalla-cod-200-premium-pq/,100,1
348012057,Papel Higiénico Blanco 300m Premium,LIMPIEZA INSTITUCIONAL > Toallas y Papeles,https://dcdn-us.mitiendanube.com/stores/001/405/077/products/132_348012057_papel_hig_bco_300m_premiu-43012a5f32807145fc17860592994984-1024-1024.webp,https://www.msanchezycia.com.ar/productos/papel-higienico-blanco-300m-premium/,100,0
348012057,Papel Higiénico Blanco 300m Premium,LIMPIEZA INSTITUCIONAL > Toallas y Papeles,https://dcdn-us.mitiendanube.com/stores/001/405/077/products/product_retouching_and_relightin_202608121630-639b80131e47a191ad17865703420141-1024-1024.webp,https://www.msanchezycia.com.ar/productos/papel-higienico-blanco-300m-premium/,100,1
151210653,Cepillo Lava Neumáticos AJ31 LAFFITTE,CEPILLOS ESCOBAS Y ESCOBILLONES > Cepillos de mano,https://dcdn-us.mitiendanube.com/stores/001/405/077/products/photo_retouching_and_relighting__202608121631-544f2ed8c9a19162cd17865703525792-1024-1024.webp,https://www.msanchezycia.com.ar/productos/cepillo-lava-neumaticos-aj31-laffitte/,100,0
151210653,Cepillo Lava Neumáticos AJ31 LAFFITTE,CEPILLOS ESCOBAS Y ESCOBILLONES > Cepillos de mano,https://dcdn-us.mitiendanube.com/stores/001/405/077/products/133_151210653_cepillo_lava_neumat_aj31_laffitte-21fa2e8daa96793e6c17860592520639-1024-1024.webp,https://www.msanchezycia.com.ar/productos/cepillo-lava-neumaticos-aj31-laffitte/,100,1
89011018,Aceite WD40 155 gr,BAZAR > Varios bazar,https://dcdn-us.mitiendanube.com/stores/001/405/077/products/134_89011018_aceite_wd40_155_gr-fe139f44ebedbf245717860592803508-1024-1024.webp,https://www.msanchezycia.com.ar/productos/aceite-wd40-155-gr/,100,0
89011018,Aceite WD40 155 gr,BAZAR > Varios bazar,https://dcdn-us.mitiendanube.com/stores/001/405/077/products/photo_retouching_and_relighting__202608121635-7af87404c08eda05d517865706871827-1024-1024.webp,https://www.msanchezycia.com.ar/productos/aceite-wd40-155-gr/,100,1
89011031,Aceite WD40 FlexTap 220g,BAZAR > Varios bazar,https://dcdn-us.mitiendanube.com/stores/001/405/077/products/135_89011031_aceite_wd40_flextap_220g-f6b3557156bcbe308a17860591859976-1024-1024.webp,https://www.msanchezycia.com.ar/productos/aceite-wd40-flextap-220g/,100,0
89011031,Aceite WD40 FlexTap 220g,BAZAR > Varios bazar,https://dcdn-us.mitiendanube.com/stores/001/405/077/products/product_photo_retouching_and_rel_202608121636-119cf91f1b564af74917865706992951-1024-1024.webp,https://www.msanchezycia.com.ar/productos/aceite-wd40-flextap-220g/,100,1
89011032,Aceite WD40 311 gr,BAZAR > Varios bazar,https://dcdn-us.mitiendanube.com/stores/001/405/077/products/136_89011032_aceite_wd40_311_gr-fc80e0fc637bf50c1117860592032913-1024-1024.webp,https://www.msanchezycia.com.ar/productos/aceite-wd40-311-gr/,100,0
89011032,Aceite WD40 311 gr,BAZAR > Varios bazar,https://dcdn-us.mitiendanube.com/stores/001/405/077/products/product_retouching_and_relightin_202608121638-d3fce7b33b412a9d6617865707261445-1024-1024.webp,https://www.msanchezycia.com.ar/productos/aceite-wd40-311-gr/,100,1
89011026,Lubricante Aerosol F-50 210cc FULL,BAZAR > Varios bazar,https://dcdn-us.mitiendanube.com/stores/001/405/077/products/137_89011026_lubr_aer_f-50_210cc_full-686ad68f5bf4770e5817860592336015-1024-1024.webp,https://www.msanchezycia.com.ar/productos/lubricante-aerosol-f-50-210cc-full/,100,0
89011026,Lubricante Aerosol F-50 210cc FULL,BAZAR > Varios bazar,https://dcdn-us.mitiendanube.com/stores/001/405/077/products/product_retouching_and_relightin_202608121641-1efe9a7cd21ff88c0017865709324704-1024-1024.webp,https://www.msanchezycia.com.ar/productos/lubricante-aerosol-f-50-210cc-full/,100,1
89011027,Lubricante Aerosol F-50 400cc FULL,BAZAR > Varios bazar,https://dcdn-us.mitiendanube.com/stores/001/405/077/products/138_89011027_lubr_aer_f-50_400cc_full-7a8be19e2ae3b76b5917860591305654-1024-1024.webp,https://www.msanchezycia.com.ar/productos/lubricante-aerosol-f-50-400cc-full/,100,0
89011027,Lubricante Aerosol F-50 400cc FULL,BAZAR > Varios bazar,https://dcdn-us.mitiendanube.com/stores/001/405/077/products/product_retouching_and_relightin_202608121641-1-f057084db6cd27d62417865709547567-1024-1024.webp,https://www.msanchezycia.com.ar/productos/lubricante-aerosol-f-50-400cc-full/,100,1
203035638,Desinfectante tipo Lavandina SmartClean,DESINFECTANTES E INSECTICIDAS > Desinfectantes,https://dcdn-us.mitiendanube.com/stores/001/405/077/products/140_203035638_desinf_tlavan_smartclean-c49918708c94b1b4c217860591609482-1024-1024.webp,https://www.msanchezycia.com.ar/productos/desinfectante-tipo-lavandina-smartclean/,100,0
203035638,Desinfectante tipo Lavandina SmartClean,DESINFECTANTES E INSECTICIDAS > Desinfectantes,https://dcdn-us.mitiendanube.com/stores/001/405/077/products/product_retouching_and_relightin_202608121650-7eab8b0bb47192063a17865717292443-1024-1024.webp,https://www.msanchezycia.com.ar/productos/desinfectante-tipo-lavandina-smartclean/,100,1
347035636,Detergente Lavavajillas SmartClean,LIMPIEZA INSTITUCIONAL > Limpiadores y removedores,https://dcdn-us.mitiendanube.com/stores/001/405/077/products/141_347035636_deterg_lavavaj_smartclean-b6416ea4b791a0f2ed17860590714916-1024-1024.webp,https://www.msanchezycia.com.ar/productos/detergente-lavavajillas-smartclean/,100,0
347035636,Detergente Lavavajillas SmartClean,LIMPIEZA INSTITUCIONAL > Limpiadores y removedores,https://dcdn-us.mitiendanube.com/stores/001/405/077/products/product_photo_retouching_and_rel_202608121655-080dd31324e35e390d17865717400762-1024-1024.webp,https://www.msanchezycia.com.ar/productos/detergente-lavavajillas-smartclean/,100,1
347035637,Limpiavidrios Multiuso SmartClean,LIMPIA VIDRIOS > Limpia vidrios,https://dcdn-us.mitiendanube.com/stores/001/405/077/products/142_347035637_limp_vidr_mult_smartclean-34748377ad5fc8a50b17860590984485-1024-1024.webp,https://www.msanchezycia.com.ar/productos/limpiavidrios-multiuso-smartclean/,100,0
347035637,Limpiavidrios Multiuso SmartClean,LIMPIA VIDRIOS > Limpia vidrios,https://dcdn-us.mitiendanube.com/stores/001/405/077/products/product_retouching_and_relightin_202608121654-9aeb5469da4555018f17865717513979-1024-1024.webp,https://www.msanchezycia.com.ar/productos/limpiavidrios-multiuso-smartclean/,100,1
347035639,Limpiador Antigrasa SmartClean,LIMPIEZA INSTITUCIONAL > Limpiadores y removedores,https://dcdn-us.mitiendanube.com/stores/001/405/077/products/143_347035639_limp_antigrasa_smartclean-74b3dae9708edf3a2b17860590249806-1024-1024.webp,https://www.msanchezycia.com.ar/productos/limpiador-antigrasa-smartclean/,100,0
347035639,Limpiador Antigrasa SmartClean,LIMPIEZA INSTITUCIONAL > Limpiadores y removedores,https://dcdn-us.mitiendanube.com/stores/001/405/077/products/product_photo_retouching_and_rel_202608121654-64063e8909dc8ed7b117865717658165-1024-1024.webp,https://www.msanchezycia.com.ar/productos/limpiador-antigrasa-smartclean/,100,1
347035640,Limpiador de Baño SmartClean,LIMPIEZA INSTITUCIONAL > Limpiadores y removedores,https://dcdn-us.mitiendanube.com/stores/001/405/077/products/144_347035640_limp_bano_smartclean-530977eed737c806da17860590502057-1024-1024.webp,https://www.msanchezycia.com.ar/productos/limpiador-de-bano-smartclean/,100,0
347035640,Limpiador de Baño SmartClean,LIMPIEZA INSTITUCIONAL > Limpiadores y removedores,https://dcdn-us.mitiendanube.com/stores/001/405/077/products/photo_retouching_and_relighting__202608121657-6400ae0cd0f7b5b5b417865718773119-1024-1024.webp,https://www.msanchezycia.com.ar/productos/limpiador-de-bano-smartclean/,100,1
348012011,Toalla 300 m Blanca Schez,LIMPIEZA INSTITUCIONAL > Toallas y Papeles,https://dcdn-us.mitiendanube.com/stores/001/405/077/products/145_348012011_toalla_300_m_bca_schez-3351b26d731eac5ff817860588523471-1024-1024.webp,https://www.msanchezycia.com.ar/productos/toalla-300-m-blanca-schez/,100,0
348012012,Toalla 300 m Natural Schez,LIMPIEZA INSTITUCIONAL > Toallas y Papeles,https://dcdn-us.mitiendanube.com/stores/001/405/077/products/146_348012012_toalla_300_m_nat_schez-588077fd7f9e42ca6d17860589908799-1024-1024.webp,https://www.msanchezycia.com.ar/productos/toalla-300-m-natural-schez/,100,0
89523227,Velas 16 x 210 mm SCHEZ,BAZAR > Velas,https://dcdn-us.mitiendanube.com/stores/001/405/077/products/147_89523227_velas_16_x_210_mm_schez-efb306f01224b85c0317860588108225-1024-1024.webp,https://www.msanchezycia.com.ar/productos/velas-16-x-210-mm-schez/,100,0
89523227,Velas 16 x 210 mm SCHEZ,BAZAR > Velas,https://dcdn-us.mitiendanube.com/stores/001/405/077/products/photo_retouching_and_relighting__202608121702-68d830808102ea4eb917865721874097-1024-1024.webp,https://www.msanchezycia.com.ar/productos/velas-16-x-210-mm-schez/,100,1
89523227,Velas 16 x 210 mm SCHEZ,BAZAR > Velas,https://dcdn-us.mitiendanube.com/stores/001/405/077/products/product_retouching_and_relightin_202608121702-80a94140aa046d803a17865721873127-1024-1024.webp,https://www.msanchezycia.com.ar/productos/velas-16-x-210-mm-schez/,100,2
89523228,Velas Cortas 16 x 120 mm SCHEZ,BAZAR > Velas,https://dcdn-us.mitiendanube.com/stores/001/405/077/products/product_photo_retouching_and_rel_202608121708-a2f328d3c19437190717865725479585-1024-1024.webp,https://www.msanchezycia.com.ar/productos/velas-cortas-16-x-120-mm-schez/,100,0
89523228,Velas Cortas 16 x 120 mm SCHEZ,BAZAR > Velas,https://dcdn-us.mitiendanube.com/stores/001/405/077/products/148_89523228_velas_cortas_16_x_120_mm_schez-70b4d8d31ec4848ae917860588279804-1024-1024.webp,https://www.msanchezycia.com.ar/productos/velas-cortas-16-x-120-mm-schez/,100,1
89523228,Velas Cortas 16 x 120 mm SCHEZ,BAZAR > Velas,https://dcdn-us.mitiendanube.com/stores/001/405/077/products/product_retouching_and_relightin_202608121708-c52fa1335984cd31be17865725503209-1024-1024.webp,https://www.msanchezycia.com.ar/productos/velas-cortas-16-x-120-mm-schez/,100,2
89523229,Velas 16 x 210 mm Rojas SCHEZ,BAZAR > Velas,https://dcdn-us.mitiendanube.com/stores/001/405/077/products/149_89523229_velas_16_x_210_mm_rojas_schez-74a560eaa0c36958d817860587539258-1024-1024.webp,https://www.msanchezycia.com.ar/productos/velas-16-x-210-mm-rojas-schez/,100,0
89523229,Velas 16 x 210 mm Rojas SCHEZ,BAZAR > Velas,https://dcdn-us.mitiendanube.com/stores/001/405/077/products/product_retouching_and_relightin_202608121712-be8e330f2d5491440d17865727684469-1024-1024.webp,https://www.msanchezycia.com.ar/productos/velas-16-x-210-mm-rojas-schez/,100,1
89523229,Velas 16 x 210 mm Rojas SCHEZ,BAZAR > Velas,https://dcdn-us.mitiendanube.com/stores/001/405/077/products/photo_retouching_and_relighting__202608121712-4c07d45b52019221d817865727685028-1024-1024.webp,https://www.msanchezycia.com.ar/productos/velas-16-x-210-mm-rojas-schez/,100,2
347010731,CIF Cremoso Regular x 2 L,LIMPIEZA INSTITUCIONAL > Limpiadores y removedores,https://dcdn-us.mitiendanube.com/stores/001/405/077/products/150_347010731_cif_cremoso_regular_x_2_l-d53d5151647b26177a17860587838390-1024-1024.webp,https://www.msanchezycia.com.ar/productos/cif-cremoso-regular-x-2-l/,100,0
347010732,CIF Gel c/Lavandina x 2 L,LIMPIEZA INSTITUCIONAL > Limpiadores y removedores,https://dcdn-us.mitiendanube.com/stores/001/405/077/products/151_347010732_cif_gel_clavandina_x_2_l-d6ebedf1da7420309517860587113766-1024-1024.webp,https://www.msanchezycia.com.ar/productos/cif-gel-c-lavandina-x-2-l/,100,0
347011801,Cif Cremoso 750gr,LIMPIEZA INSTITUCIONAL > Limpiadores y removedores,https://dcdn-us.mitiendanube.com/stores/001/405/077/products/152_347011801_cif_cremoso_750gr-79e188a7541dcc30d717860587283884-1024-1024.webp,https://www.msanchezycia.com.ar/productos/cif-cremoso-750gr-2/,100,0
347011801,Cif Cremoso 750gr,LIMPIEZA INSTITUCIONAL > Limpiadores y removedores,https://dcdn-us.mitiendanube.com/stores/001/405/077/products/product_retouching_and_relightin_202608121717-26121503bf0939cf7c17865730849750-1024-1024.webp,https://www.msanchezycia.com.ar/productos/cif-cremoso-750gr-2/,100,1
347011803,New Clean Limpiador Cremoso 750,LIMPIEZA INSTITUCIONAL > Limpiadores y removedores,https://dcdn-us.mitiendanube.com/stores/001/405/077/products/153_347011803_new_clean_limp_cremo_750-70345e304fd3f5227d17860586638245-1024-1024.webp,https://www.msanchezycia.com.ar/productos/new-clean-limpiador-cremoso-750-2/,100,0
347010120,Drastik 500 cm,LIMPIEZA INSTITUCIONAL > Limpiadores y removedores,https://dcdn-us.mitiendanube.com/stores/001/405/077/products/154_347010120_drastik_500_cm-0c4e6cc8669dab9e3817860586839408-1024-1024.webp,https://www.msanchezycia.com.ar/productos/drastik-500-cm/,100,0
347010120,Drastik 500 cm,LIMPIEZA INSTITUCIONAL > Limpiadores y removedores,https://dcdn-us.mitiendanube.com/stores/001/405/077/products/product_retouching_and_relightin_202608121720-2cbd65bbcbb459e70717865732564381-1024-1024.webp,https://www.msanchezycia.com.ar/productos/drastik-500-cm/,100,1
342511853,Cera Suiza Líquida Madera Natural 850,LIMPIEZA INSTITUCIONAL > Ceras,https://dcdn-us.mitiendanube.com/stores/001/405/077/products/155_342511853_c_suiza_liq_mad_nat_850-91b4495670917b790217860586164443-1024-1024.webp,https://www.msanchezycia.com.ar/productos/cera-suiza-liquida-madera-natural-850/,100,0
342511853,Cera Suiza Líquida Madera Natural 850,LIMPIEZA INSTITUCIONAL > Ceras,https://dcdn-us.mitiendanube.com/stores/001/405/077/products/incoloro-501c8d7bca450bd1b717865735557401-1024-1024.webp,https://www.msanchezycia.com.ar/productos/cera-suiza-liquida-madera-natural-850/,100,1
342511853,Cera Suiza Líquida Madera Natural 850,LIMPIEZA INSTITUCIONAL > Ceras,https://dcdn-us.mitiendanube.com/stores/001/405/077/products/156_342511854_c_suiza_liq_mad_ros_850_v2-c6d913edac9e79adc117860586205850-1024-1024.webp,https://www.msanchezycia.com.ar/productos/cera-suiza-liquida-madera-natural-850/,100,2
342511853,Cera Suiza Líquida Madera Natural 850,LIMPIEZA INSTITUCIONAL > Ceras,https://dcdn-us.mitiendanube.com/stores/001/405/077/products/roble-claro-0eafb92492f691674817865735586049-1024-1024.webp,https://www.msanchezycia.com.ar/productos/cera-suiza-liquida-madera-natural-850/,100,3
342511854,Cera Suiza Líquida Madera R.Os 850,LIMPIEZA INSTITUCIONAL > Ceras,https://dcdn-us.mitiendanube.com/stores/001/405/077/products/156_342511854_c_suiza_liq_mad_ros_850-9a1c89b66b2a0103b917860586427319-1024-1024.webp,https://www.msanchezycia.com.ar/productos/cera-suiza-liquida-madera-r-os-850/,100,0
342511854,Cera Suiza Líquida Madera R.Os 850,LIMPIEZA INSTITUCIONAL > Ceras,https://dcdn-us.mitiendanube.com/stores/001/405/077/products/roble-oscuro-af9777f41e197e88b017865735729819-1024-1024.webp,https://www.msanchezycia.com.ar/productos/cera-suiza-liquida-madera-r-os-850/,100,1
345013062,Polvo Limpiador ODEX,LIMPIEZA INSTITUCIONAL > Limpiadores y removedores,https://dcdn-us.mitiendanube.com/stores/001/405/077/products/158_345013062_polvo_limp_odex-eb32c074aad0644dee17860585443727-1024-1024.webp,https://www.msanchezycia.com.ar/productos/polvo-limpiador-odex/,100,0
345013063,Líquido Limpiador Amoniacal ODEX 900Ml,LIMPIEZA INSTITUCIONAL > Limpiadores y removedores,https://dcdn-us.mitiendanube.com/stores/001/405/077/products/159_345013063_liq_limp_amon_odex_900ml-a2bd6725bb7c5078b717860585761023-1024-1024.webp,https://www.msanchezycia.com.ar/productos/liquido-limpiador-amoniacal-odex-900ml/,100,0
345013068,Polvo Limpiador PULOIL 400Gr,LIMPIEZA INSTITUCIONAL > Limpiadores y removedores,https://dcdn-us.mitiendanube.com/stores/001/405/077/products/160_345013068_polvo_limp_puloil_400gr-14f0780a8084dcef6017860584936374-1024-1024.webp,https://www.msanchezycia.com.ar/productos/polvo-limpiador-puloil-400gr/,100,0
347011403,Soda Cáustica Granulada,LIMPIEZA INSTITUCIONAL > Limpiadores y removedores,https://dcdn-us.mitiendanube.com/stores/001/405/077/products/161_347011403_soda_caustica_granulada-da259464e3ee67aec517860585151006-1024-1024.webp,https://www.msanchezycia.com.ar/productos/soda-caustica-granulada/,100,0
347011403,Soda Cáustica Granulada,LIMPIEZA INSTITUCIONAL > Limpiadores y removedores,https://dcdn-us.mitiendanube.com/stores/001/405/077/products/product_retouching_and_relightin_202608121728-abe22eda5f0921bd9b17865737653836-1024-1024.webp,https://www.msanchezycia.com.ar/productos/soda-caustica-granulada/,100,1
347011122,Limpia Hornos Gel x 500ml MERCLIN,LIMPIEZA INSTITUCIONAL > Limpiadores y removedores,https://dcdn-us.mitiendanube.com/stores/001/405/077/products/162_347011122_limpia_hornos_gel_x_500ml_merclin-369bee48379799d80f17860584188745-1024-1024.webp,https://www.msanchezycia.com.ar/productos/limpia-hornos-gel-x-500ml-merclin/,100,0
347011122,Limpia Hornos Gel x 500ml MERCLIN,LIMPIEZA INSTITUCIONAL > Limpiadores y removedores,https://dcdn-us.mitiendanube.com/stores/001/405/077/products/product_retouching_and_relightin_202608121731-f8f72f2502df02e7f317865738799035-1024-1024.webp,https://www.msanchezycia.com.ar/productos/limpia-hornos-gel-x-500ml-merclin/,100,1
347011127,Limpia Grifería Gel 500ml MERCLIN,LIMPIEZA INSTITUCIONAL > Limpiadores y removedores,https://dcdn-us.mitiendanube.com/stores/001/405/077/products/163_347011127_limpia_griferia_gel_500ml_merclin-f12ad54ace4bef486b17860584419162-1024-1024.webp,https://www.msanchezycia.com.ar/productos/limpia-griferia-gel-500ml-merclin/,100,0
347011127,Limpia Grifería Gel 500ml MERCLIN,LIMPIEZA INSTITUCIONAL > Limpiadores y removedores,https://dcdn-us.mitiendanube.com/stores/001/405/077/products/photo_retouching_and_relighting__202608121733-2ada7f22e63857b86317865740405856-1024-1024.webp,https://www.msanchezycia.com.ar/productos/limpia-griferia-gel-500ml-merclin/,100,1
347011134,Limpia Tapizados y Alfombras MERCL,LIMPIEZA INSTITUCIONAL > Limpiadores y removedores,https://dcdn-us.mitiendanube.com/stores/001/405/077/products/164_347011134_limp_tapiz_y_alfom_mercl-8aefa77ca255815cc517860584664381-1024-1024.webp,https://www.msanchezycia.com.ar/productos/limpia-tapizados-y-alfombras-mercl/,100,0
347011134,Limpia Tapizados y Alfombras MERCL,LIMPIEZA INSTITUCIONAL > Limpiadores y removedores,https://dcdn-us.mitiendanube.com/stores/001/405/077/products/product_photo_retouching_and_rel_202608121736-b9d591e724b68d1de817865741947196-1024-1024.webp,https://www.msanchezycia.com.ar/productos/limpia-tapizados-y-alfombras-mercl/,100,1
347011138,Quitamanchas Salsa/Aceite MERCLIN,LIMPIEZA INSTITUCIONAL > Limpiadores y removedores,https://dcdn-us.mitiendanube.com/stores/001/405/077/products/166_347011138_quita_manch_salsaaceite_merclin-dc45b08f7a2830ddbf17860500227572-1024-1024.webp,https://www.msanchezycia.com.ar/productos/quitamanchas-salsa-aceite-merclin/,100,0
347011138,Quitamanchas Salsa/Aceite MERCLIN,LIMPIEZA INSTITUCIONAL > Limpiadores y removedores,https://dcdn-us.mitiendanube.com/stores/001/405/077/products/product_retouching_and_relightin_202608121739-6b2e4bc25ccc7b1a0a17865743779052-1024-1024.webp,https://www.msanchezycia.com.ar/productos/quitamanchas-salsa-aceite-merclin/,100,1
347011143,Descalc P/Maq Café MERCL,LIMPIEZA INSTITUCIONAL > Limpiadores y removedores,https://dcdn-us.mitiendanube.com/stores/001/405/077/products/167_347011143_descalc_pmaq_cafe_mercl-a5be4320f7112fcb7717860500750378-1024-1024.webp,https://www.msanchezycia.com.ar/productos/descalc-p-maq-cafe-mercl/,100,0
347011143,Descalc P/Maq Café MERCL,LIMPIEZA INSTITUCIONAL > Limpiadores y removedores,https://dcdn-us.mitiendanube.com/stores/001/405/077/products/product_retouching_and_relightin_202608121751-5e68d87bcdc837b12817865750838290-1024-1024.webp,https://www.msanchezycia.com.ar/productos/descalc-p-maq-cafe-mercl/,100,1
347011104,Quitamanchas Oxido 60ml MERCLIN,LIMPIEZA INSTITUCIONAL > Limpiadores y removedores,https://dcdn-us.mitiendanube.com/stores/001/405/077/products/168_347011104_quita_manchas_oxido_60ml_merclin-995c1428d646f3799b17860494164550-1024-1024.webp,https://www.msanchezycia.com.ar/productos/quitamanchas-oxido-60ml-merclin/,100,0
347011104,Quitamanchas Oxido 60ml MERCLIN,LIMPIEZA INSTITUCIONAL > Limpiadores y removedores,https://dcdn-us.mitiendanube.com/stores/001/405/077/products/product_retouching_and_relightin_202608121755-86a6ed14ed0278217a17865753254841-1024-1024.webp,https://www.msanchezycia.com.ar/productos/quitamanchas-oxido-60ml-merclin/,100,1
347011106,Blanqueador de Juntas 200ml MERCLIN,LIMPIEZA INSTITUCIONAL > Limpiadores y removedores,https://dcdn-us.mitiendanube.com/stores/001/405/077/products/169_347011106_blanqueador_de_juntas_200ml_merclin-6ef583c07e1d9a79ef17860494837404-1024-1024.webp,https://www.msanchezycia.com.ar/productos/blanqueador-de-juntas-200ml-merclin/,100,0
347011106,Blanqueador de Juntas 200ml MERCLIN,LIMPIEZA INSTITUCIONAL > Limpiadores y removedores,https://dcdn-us.mitiendanube.com/stores/001/405/077/products/product_retouching_and_relightin_202608121757-75c32ea149afb2ff2117865754683980-1024-1024.webp,https://www.msanchezycia.com.ar/productos/blanqueador-de-juntas-200ml-merclin/,100,1
347011111,Quita Rayones 150ml MERCLIN,LIMPIEZA INSTITUCIONAL > Limpiadores y removedores,https://dcdn-us.mitiendanube.com/stores/001/405/077/products/170_347011111_quita_rayones_150ml_merclin-4e35e2cb94e8d74c2a17860493772965-1024-1024.webp,https://www.msanchezycia.com.ar/productos/quita-rayones-150ml-merclin/,100,0
347011111,Quita Rayones 150ml MERCLIN,LIMPIEZA INSTITUCIONAL > Limpiadores y removedores,https://dcdn-us.mitiendanube.com/stores/001/405/077/products/product_retouching_and_relightin_202608121759-1a2736c98452e2e52617865755737061-1024-1024.webp,https://www.msanchezycia.com.ar/productos/quita-rayones-150ml-merclin/,100,1
347011113,Quitamanchas de Birome MERCLIN,LIMPIEZA INSTITUCIONAL > Limpiadores y removedores,https://dcdn-us.mitiendanube.com/stores/001/405/077/products/171_347011113_quita_manchas_de_birome_merclin-b9e59607e4756d796c17860493976428-1024-1024.webp,https://www.msanchezycia.com.ar/productos/quitamanchas-de-birome-merclin/,100,0
347011113,Quitamanchas de Birome MERCLIN,LIMPIEZA INSTITUCIONAL > Limpiadores y removedores,https://dcdn-us.mitiendanube.com/stores/001/405/077/products/product_retouching_and_relightin_202608121801-aab6d520df5e7ac24f17865757071664-1024-1024.webp,https://www.msanchezycia.com.ar/productos/quitamanchas-de-birome-merclin/,100,1
347011114,Quitamanchas de Pasto MERCLIN,LIMPIEZA INSTITUCIONAL > Limpiadores y removedores,https://dcdn-us.mitiendanube.com/stores/001/405/077/products/172_347011114_quita_manchas_de_pasto_merclin-832b3eb8eb68d64ba017860486304172-1024-1024.webp,https://www.msanchezycia.com.ar/productos/quitamanchas-de-pasto-merclin/,100,0
347011114,Quitamanchas de Pasto MERCLIN,LIMPIEZA INSTITUCIONAL > Limpiadores y removedores,https://dcdn-us.mitiendanube.com/stores/001/405/077/products/product_retouching_and_relightin_202608121803-1f68de16e5640e3e9117865758123848-1024-1024.webp,https://www.msanchezycia.com.ar/productos/quitamanchas-de-pasto-merclin/,100,1
347011115,Quitamanchas de Sangre MERCLIN,LIMPIEZA INSTITUCIONAL > Limpiadores y removedores,https://dcdn-us.mitiendanube.com/stores/001/405/077/products/173_347011115_quita_manchas_de_sangre_merclin-7cc5366ce287cbf90e17860488256615-1024-1024.webp,https://www.msanchezycia.com.ar/productos/quitamanchas-de-sangre-merclin/,100,0
347011115,Quitamanchas de Sangre MERCLIN,LIMPIEZA INSTITUCIONAL > Limpiadores y removedores,https://dcdn-us.mitiendanube.com/stores/001/405/077/products/photo_retouching_and_relighting__202608121803-19a8edcef4daad90d617865758338630-1024-1024.webp,https://www.msanchezycia.com.ar/productos/quitamanchas-de-sangre-merclin/,100,1
203035051,Block Mochila Azul CRIVEA,DESINFECTANTES E INSECTICIDAS > Aromatizadores,https://dcdn-us.mitiendanube.com/stores/001/405/077/products/174_203035051_block_mochila_azul_crivea-51a178feabb754d7e417860493516493-1024-1024.webp,https://www.msanchezycia.com.ar/productos/block-mochila-azul-crivea/,100,0
203035051,Block Mochila Azul CRIVEA,DESINFECTANTES E INSECTICIDAS > Aromatizadores,https://dcdn-us.mitiendanube.com/stores/001/405/077/products/product_retouching_and_relightin_202608121806-bcd0e0b313563d3bc417865760516638-1024-1024.webp,https://www.msanchezycia.com.ar/productos/block-mochila-azul-crivea/,100,1
203035053,Block Mochila Azul x2 CRIVE,DESINFECTANTES E INSECTICIDAS > Aromatizadores,https://dcdn-us.mitiendanube.com/stores/001/405/077/products/175_203035053_block_moch_azul_x2_crive-8935a9b686a4264ee717860485871689-1024-1024.webp,https://www.msanchezycia.com.ar/productos/block-mochila-azul-x2-crive/,100,0
203035053,Block Mochila Azul x2 CRIVE,DESINFECTANTES E INSECTICIDAS > Aromatizadores,https://dcdn-us.mitiendanube.com/stores/001/405/077/products/photo_retouching_and_relighting__202608121807-9ba9aed096500848d117865760907893-1024-1024.webp,https://www.msanchezycia.com.ar/productos/block-mochila-azul-x2-crive/,100,1
203035052,Bloque Mochila M.GOLD Verd 50g,DESINFECTANTES E INSECTICIDAS > Aromatizadores,https://dcdn-us.mitiendanube.com/stores/001/405/077/products/176_203035052_bloq_moch_mgold_verd_50g-2f5aac100371da4c8117860486037672-1024-1024.webp,https://www.msanchezycia.com.ar/productos/bloque-mochila-m-gold-verd-50g/,100,0
203035052,Bloque Mochila M.GOLD Verd 50g,DESINFECTANTES E INSECTICIDAS > Aromatizadores,https://dcdn-us.mitiendanube.com/stores/001/405/077/products/product_retouching_and_relightin_202608121834-5b8bf87880ade1399617865777657892-1024-1024.webp,https://www.msanchezycia.com.ar/productos/bloque-mochila-m-gold-verd-50g/,100,1
203035054,Bloque Mochila M.GOLD Azul 50g,DESINFECTANTES E INSECTICIDAS > Aromatizadores,https://dcdn-us.mitiendanube.com/stores/001/405/077/products/177_203035054_bloq_moch_mgold_azul_50g-1bb06a51ad178c713317860485316697-1024-1024.webp,https://www.msanchezycia.com.ar/productos/bloque-mochila-m-gold-azul-50g/,100,0
203035054,Bloque Mochila M.GOLD Azul 50g,DESINFECTANTES E INSECTICIDAS > Aromatizadores,https://dcdn-us.mitiendanube.com/stores/001/405/077/products/photo_retouching_and_relighting__202608121834-33174afff94821ee1417865777838454-1024-1024.webp,https://www.msanchezycia.com.ar/productos/bloque-mochila-m-gold-azul-50g/,100,1
203035003,Bolón 190 Grs IBERIA,DESINFECTANTES E INSECTICIDAS > Aromatizadores,https://dcdn-us.mitiendanube.com/stores/001/405/077/products/178_203035003_bolon_190_grs_iberia-21e38a4f8e14f6962e17860485584042-1024-1024.webp,https://www.msanchezycia.com.ar/productos/bolon-190-grs-iberia/,100,0
203035003,Bolón 190 Grs IBERIA,DESINFECTANTES E INSECTICIDAS > Aromatizadores,https://dcdn-us.mitiendanube.com/stores/001/405/077/products/photo_retouching_and_relighting__202608121851-3f042d03887a90b96817865786775742-1024-1024.webp,https://www.msanchezycia.com.ar/productos/bolon-190-grs-iberia/,100,1
203035014,Desodorante para Inodoro c/Est Eco,DESINFECTANTES E INSECTICIDAS > Aromatizadores,https://dcdn-us.mitiendanube.com/stores/001/405/077/products/179_203035014_desod_pinod_cest_eco_v3-c7e1103beb9f7fcf1b17860484377894-1024-1024.webp,https://www.msanchezycia.com.ar/productos/desodorante-para-inodoro-c-est-eco/,100,0
203035014,Desodorante para Inodoro c/Est Eco,DESINFECTANTES E INSECTICIDAS > Aromatizadores,https://dcdn-us.mitiendanube.com/stores/001/405/077/products/photo_retouching_and_relighting__202608121835-a38b15e07a2ee0a59917865777984346-1024-1024.webp,https://www.msanchezycia.com.ar/productos/desodorante-para-inodoro-c-est-eco/,100,1
203035014,Desodorante para Inodoro c/Est Eco,DESINFECTANTES E INSECTICIDAS > Aromatizadores,https://dcdn-us.mitiendanube.com/stores/001/405/077/products/179_203035014_desod_pinod_cest_eco_v2-4f0031c81af2e01f6117860484373585-1024-1024.webp,https://www.msanchezycia.com.ar/productos/desodorante-para-inodoro-c-est-eco/,100,2
203035014,Desodorante para Inodoro c/Est Eco,DESINFECTANTES E INSECTICIDAS > Aromatizadores,https://dcdn-us.mitiendanube.com/stores/001/405/077/products/product_photo_retouching_and_rel_202608121835-0ab6464eb697f8f73d17865778001633-1024-1024.webp,https://www.msanchezycia.com.ar/productos/desodorante-para-inodoro-c-est-eco/,100,3
203035014,Desodorante para Inodoro c/Est Eco,DESINFECTANTES E INSECTICIDAS > Aromatizadores,https://dcdn-us.mitiendanube.com/stores/001/405/077/products/179_203035014_desod_pinod_cest_eco_v1-55374d5af5192b684017860484377184-1024-1024.webp,https://www.msanchezycia.com.ar/productos/desodorante-para-inodoro-c-est-eco/,100,4
203035014,Desodorante para Inodoro c/Est Eco,DESINFECTANTES E INSECTICIDAS > Aromatizadores,https://dcdn-us.mitiendanube.com/stores/001/405/077/products/product_retouching_and_relightin_202608121834-1-6d2310ece70196243017865778026888-1024-1024.webp,https://www.msanchezycia.com.ar/productos/desodorante-para-inodoro-c-est-eco/,100,5
203035009,Urinal Corazon Schez,DESINFECTANTES E INSECTICIDAS > Aromatizadores,https://dcdn-us.mitiendanube.com/stores/001/405/077/products/180_203035009_urinal_corazon_schez-4a4bd5063cc4b83bff17860484973669-1024-1024.webp,https://www.msanchezycia.com.ar/productos/urinal-corazon-schez/,100,0
203035009,Urinal Corazon Schez,DESINFECTANTES E INSECTICIDAS > Aromatizadores,https://dcdn-us.mitiendanube.com/stores/001/405/077/products/10-91468e152656670f2817865787085827-1024-1024.webp,https://www.msanchezycia.com.ar/productos/urinal-corazon-schez/,100,1
203035009,Urinal Corazon Schez,DESINFECTANTES E INSECTICIDAS > Aromatizadores,https://dcdn-us.mitiendanube.com/stores/001/405/077/products/11-8def8709208ab9141217865787129185-1024-1024.webp,https://www.msanchezycia.com.ar/productos/urinal-corazon-schez/,100,2
203035013,Urinal Eco,DESINFECTANTES E INSECTICIDAS > Aromatizadores,https://dcdn-us.mitiendanube.com/stores/001/405/077/products/181_203035013_urinal_eco_v3-1a05753cf903359d3d17860482211161-1024-1024.webp,https://www.msanchezycia.com.ar/productos/urinal-eco/,100,0
203035013,Urinal Eco,DESINFECTANTES E INSECTICIDAS > Aromatizadores,https://dcdn-us.mitiendanube.com/stores/001/405/077/products/7-f44e7f663301605a9917865801136739-1024-1024.webp,https://www.msanchezycia.com.ar/productos/urinal-eco/,100,1
203035013,Urinal Eco,DESINFECTANTES E INSECTICIDAS > Aromatizadores,https://dcdn-us.mitiendanube.com/stores/001/405/077/products/8-cbd31cfa07a07441f117865801164670-1024-1024.webp,https://www.msanchezycia.com.ar/productos/urinal-eco/,100,2
203035013,Urinal Eco,DESINFECTANTES E INSECTICIDAS > Aromatizadores,https://dcdn-us.mitiendanube.com/stores/001/405/077/products/181_203035013_urinal_eco_v2-7036c02149086e2fe817860482200334-1024-1024.webp,https://www.msanchezycia.com.ar/productos/urinal-eco/,100,3
203035013,Urinal Eco,DESINFECTANTES E INSECTICIDAS > Aromatizadores,https://dcdn-us.mitiendanube.com/stores/001/405/077/products/4-eec081c409578d689a17865801185385-1024-1024.webp,https://www.msanchezycia.com.ar/productos/urinal-eco/,100,4
203035013,Urinal Eco,DESINFECTANTES E INSECTICIDAS > Aromatizadores,https://dcdn-us.mitiendanube.com/stores/001/405/077/products/5-46a34ff9f8fabee29917865801213432-1024-1024.webp,https://www.msanchezycia.com.ar/productos/urinal-eco/,100,5
203035013,Urinal Eco,DESINFECTANTES E INSECTICIDAS > Aromatizadores,https://dcdn-us.mitiendanube.com/stores/001/405/077/products/181_203035013_urinal_eco_v1-05556fccdd9aacf00917860482198015-1024-1024.webp,https://www.msanchezycia.com.ar/productos/urinal-eco/,100,6
203035013,Urinal Eco,DESINFECTANTES E INSECTICIDAS > Aromatizadores,https://dcdn-us.mitiendanube.com/stores/001/405/077/products/1-dac0a79111a9730ccc17865801260028-1024-1024.webp,https://www.msanchezycia.com.ar/productos/urinal-eco/,100,7
203035013,Urinal Eco,DESINFECTANTES E INSECTICIDAS > Aromatizadores,https://dcdn-us.mitiendanube.com/stores/001/405/077/products/2-b6c79f06ef579fbc3a17865801289498-1024-1024.webp,https://www.msanchezycia.com.ar/productos/urinal-eco/,100,8
342510011,Cera 8M Express 5L,LIMPIEZA INSTITUCIONAL > Ceras,https://dcdn-us.mitiendanube.com/stores/001/405/077/products/183_342510011_cera_8m_express_5l-7186bd1ee8b7e912fd17860482912565-1024-1024.webp,https://www.msanchezycia.com.ar/productos/cera-8m-express-5l/,100,0
342510015,Cera 8M 5L,LIMPIEZA INSTITUCIONAL > Ceras,https://dcdn-us.mitiendanube.com/stores/001/405/077/products/184_342510015_cera_8m_5l-445b2765e9f7fc4c2a17860483980078-1024-1024.webp,https://www.msanchezycia.com.ar/productos/cera-8m-5l/,100,0
342510016,Cera 8M 5L Rojo,LIMPIEZA INSTITUCIONAL > Ceras,https://dcdn-us.mitiendanube.com/stores/001/405/077/products/185_342510016_cera_8m_5l_rojo-51527a1bdf972030d017860481729576-1024-1024.webp,https://www.msanchezycia.com.ar/productos/cera-8m-5l-rojo/,100,0
342510017,Cera 8M 5L Negro,LIMPIEZA INSTITUCIONAL > Ceras,https://dcdn-us.mitiendanube.com/stores/001/405/077/products/186_342510017_cera_8m_5l_negro-8e67fb6919e2d28dea17860481936475-1024-1024.webp,https://www.msanchezycia.com.ar/productos/cera-8m-5l-negro/,100,0
347010010,8m Restaurador 5L (Echo),LIMPIEZA INSTITUCIONAL > Ceras,https://dcdn-us.mitiendanube.com/stores/001/405/077/products/187_347010010_8m_restaurador_5l_echo-7ca5c38d0a50bb687417860481164502-1024-1024.webp,https://www.msanchezycia.com.ar/productos/8m-restaurador-5l-echo/,100,0
347010030,8M Removedor 5L,LIMPIEZA INSTITUCIONAL > Ceras,https://dcdn-us.mitiendanube.com/stores/001/405/077/products/188_347010030_8m_removedor_5l-3b10dbfa3dfda87d8617860481480291-1024-1024.webp,https://www.msanchezycia.com.ar/productos/8m-removedor-5l/,100,0
347011020,Biokitol 500cc,LIMPIEZA INSTITUCIONAL > Limpiadores y removedores,https://dcdn-us.mitiendanube.com/stores/001/405/077/products/189_347011020_biokitol_500cc-787451f15d90350a8317860476747719-1024-1024.webp,https://www.msanchezycia.com.ar/productos/biokitol-500cc/,100,0
347011020,Biokitol 500cc,LIMPIEZA INSTITUCIONAL > Limpiadores y removedores,https://dcdn-us.mitiendanube.com/stores/001/405/077/products/product_retouching_and_relightin_202608121918-a63f778849911ef2ce17865804911196-1024-1024.webp,https://www.msanchezycia.com.ar/productos/biokitol-500cc/,100,1
347011021,Biokitol 1L,LIMPIEZA INSTITUCIONAL > Limpiadores y removedores,https://dcdn-us.mitiendanube.com/stores/001/405/077/products/190_347011021_biokitol_1l-ee617f098bd4c9625117860477596130-1024-1024.webp,https://www.msanchezycia.com.ar/productos/biokitol-1l/,100,0
347011021,Biokitol 1L,LIMPIEZA INSTITUCIONAL > Limpiadores y removedores,https://dcdn-us.mitiendanube.com/stores/001/405/077/products/photo_retouching_and_relighting__202608121921-b8290fa3a6d58d7ee417865805011067-1024-1024.webp,https://www.msanchezycia.com.ar/productos/biokitol-1l/,100,1
347011045,Biokitol 5L,LIMPIEZA INSTITUCIONAL > Limpiadores y removedores,https://dcdn-us.mitiendanube.com/stores/001/405/077/products/product_retouching_and_relightin_202608121923-c71201317b7d11f16617865806463115-1024-1024.webp,https://www.msanchezycia.com.ar/productos/biokitol-5l/,100,0
347011045,Biokitol 5L,LIMPIEZA INSTITUCIONAL > Limpiadores y removedores,https://dcdn-us.mitiendanube.com/stores/001/405/077/products/191_347011045_biokitol_5l-e06cd239d63f1f471617860477786998-1024-1024.webp,https://www.msanchezycia.com.ar/productos/biokitol-5l/,100,1
909223105,Rejilla Auto Liviana 45x55 ARI 21,TRAPOS FRANELAS Y REPASADORES > Trapos rejilla,https://dcdn-us.mitiendanube.com/stores/001/405/077/products/192_909223105_rej_auto_liv_45x55_ari_21-8e5fd04c11ff06ea5117860476449897-1024-1024.webp,https://www.msanchezycia.com.ar/productos/rejilla-auto-liviana-45x55-ari-21/,100,0
909223105,Rejilla Auto Liviana 45x55 ARI 21,TRAPOS FRANELAS Y REPASADORES > Trapos rejilla,https://dcdn-us.mitiendanube.com/stores/001/405/077/products/c1cd33ba-6e2d-4f8a-bff1-793f9fd35d91-0a41ea208a738b316f17865809645930-1024-1024.webp,https://www.msanchezycia.com.ar/productos/rejilla-auto-liviana-45x55-ari-21/,100,1
909223105,Rejilla Auto Liviana 45x55 ARI 21,TRAPOS FRANELAS Y REPASADORES > Trapos rejilla,https://dcdn-us.mitiendanube.com/stores/001/405/077/products/7eda995c-5292-4d25-b0c9-e70f7ddae57c-2d3c24c7b7c22ed26e17865809680403-1024-1024.webp,https://www.msanchezycia.com.ar/productos/rejilla-auto-liviana-45x55-ari-21/,100,2
909223106,Rejilla Auto Pesada 48x56 ARI 22,TRAPOS FRANELAS Y REPASADORES > Trapos rejilla,https://dcdn-us.mitiendanube.com/stores/001/405/077/products/193_909223106_rej_auto_pes_48x56_ari_22-a0d0607b6214ba1bf517860475161010-1024-1024.webp,https://www.msanchezycia.com.ar/productos/rejilla-auto-pesada-48x56-ari-22/,100,0
909223106,Rejilla Auto Pesada 48x56 ARI 22,TRAPOS FRANELAS Y REPASADORES > Trapos rejilla,https://dcdn-us.mitiendanube.com/stores/001/405/077/products/d878e26d-57ff-4175-837a-ef40665e4d28-64746b7dd3171d16e317865813067770-1024-1024.webp,https://www.msanchezycia.com.ar/productos/rejilla-auto-pesada-48x56-ari-22/,100,1
909223106,Rejilla Auto Pesada 48x56 ARI 22,TRAPOS FRANELAS Y REPASADORES > Trapos rejilla,https://dcdn-us.mitiendanube.com/stores/001/405/077/products/b154990d-96a8-4344-8c46-1d10a3852df6-f287a886dffd10b45717865813125119-1024-1024.webp,https://www.msanchezycia.com.ar/productos/rejilla-auto-pesada-48x56-ari-22/,100,2
909223107,Rejilla Auto Profesional 45x62 ARI 23,TRAPOS FRANELAS Y REPASADORES > Trapos rejilla,https://dcdn-us.mitiendanube.com/stores/001/405/077/products/194_909223107_rej_auto_prof_45x62_ari_23-c8f14c03964bc4dc9b17860475372886-1024-1024.webp,https://www.msanchezycia.com.ar/productos/rejilla-auto-profesional-45x62-ari-23/,100,0
909223107,Rejilla Auto Profesional 45x62 ARI 23,TRAPOS FRANELAS Y REPASADORES > Trapos rejilla,https://dcdn-us.mitiendanube.com/stores/001/405/077/products/b2cea554-1fa9-44e1-b491-8e45670003b2-786c72de203f268a9117865816614405-1024-1024.webp,https://www.msanchezycia.com.ar/productos/rejilla-auto-profesional-45x62-ari-23/,100,1
909223107,Rejilla Auto Profesional 45x62 ARI 23,TRAPOS FRANELAS Y REPASADORES > Trapos rejilla,https://dcdn-us.mitiendanube.com/stores/001/405/077/products/f9f8b462-ded2-47d8-b937-766d0ca1110f-f90f9d24a4528c99da17865816578166-1024-1024.webp,https://www.msanchezycia.com.ar/productos/rejilla-auto-profesional-45x62-ari-23/,100,2
205035101,HORTAL Hormiguicida Líquido x 60cc,DESINFECTANTES E INSECTICIDAS > Insecticidas,https://dcdn-us.mitiendanube.com/stores/001/405/077/products/195_205035101_hortal_horm_liq_x_60cc-c0722cc81c4fc5d9bc17860472752576-1024-1024.webp,https://www.msanchezycia.com.ar/productos/hortal-hormiguicida-liquido-x-60cc/,100,0
205035101,HORTAL Hormiguicida Líquido x 60cc,DESINFECTANTES E INSECTICIDAS > Insecticidas,https://dcdn-us.mitiendanube.com/stores/001/405/077/products/product_retouching_and_relightin_202608121944-5ffb845f635580960917865819086615-1024-1024.webp,https://www.msanchezycia.com.ar/productos/hortal-hormiguicida-liquido-x-60cc/,100,1
205035102,HORTAL Hormiguicida Líquido x 120cc,DESINFECTANTES E INSECTICIDAS > Insecticidas,https://dcdn-us.mitiendanube.com/stores/001/405/077/products/196_205035102_hortal_horm_liq_x_120cc-0ae1c57519cec06f1f17860472943989-1024-1024.webp,https://www.msanchezycia.com.ar/productos/hortal-hormiguicida-liquido-x-120cc/,100,0
205035102,HORTAL Hormiguicida Líquido x 120cc,DESINFECTANTES E INSECTICIDAS > Insecticidas,https://dcdn-us.mitiendanube.com/stores/001/405/077/products/photo_retouching_and_relighting__202608121944-3501d22f99d6de6b2717865819305814-1024-1024.webp,https://www.msanchezycia.com.ar/productos/hortal-hormiguicida-liquido-x-120cc/,100,1
205035103,HORTAL Hormiguicida Líquido x 250cc,DESINFECTANTES E INSECTICIDAS > Insecticidas,https://dcdn-us.mitiendanube.com/stores/001/405/077/products/197_205035103_hortal_horm_liq_x_250cc-97e196a20510ef2e2017860471999326-1024-1024.webp,https://www.msanchezycia.com.ar/productos/hortal-hormiguicida-liquido-x-250cc/,100,0
205035103,HORTAL Hormiguicida Líquido x 250cc,DESINFECTANTES E INSECTICIDAS > Insecticidas,https://dcdn-us.mitiendanube.com/stores/001/405/077/products/product_retouching_and_relightin_202608121944-1-51c84271a15096d9e417865819437161-1024-1024.webp,https://www.msanchezycia.com.ar/productos/hortal-hormiguicida-liquido-x-250cc/,100,1
205035105,HORTAL Polvo x 250 gr,DESINFECTANTES E INSECTICIDAS > Insecticidas,https://dcdn-us.mitiendanube.com/stores/001/405/077/products/198_205035105_hortal_polvo_x_250_gr-6e50e38cb4d1ebfea917860472233975-1024-1024.webp,https://www.msanchezycia.com.ar/productos/hortal-polvo-x-250-gr/,100,0
205035104,HORTAL MIX x 250gr(Ex MIREX),DESINFECTANTES E INSECTICIDAS > Insecticidas,https://dcdn-us.mitiendanube.com/stores/001/405/077/products/199_205035104_hortal_mix_x_250grex_mirex-cf81f4660e336d3c5717860472507480-1024-1024.webp,https://www.msanchezycia.com.ar/productos/hortal-mix-x-250gr-ex-mirex/,100,0
205035104,HORTAL MIX x 250gr(Ex MIREX),DESINFECTANTES E INSECTICIDAS > Insecticidas,https://dcdn-us.mitiendanube.com/stores/001/405/077/products/photo_retouching_and_relighting__202608121951-edee1132453d35517f17865823080145-1024-1024.webp,https://www.msanchezycia.com.ar/productos/hortal-mix-x-250gr-ex-mirex/,100,1
205035106,HORTAL MIX x 100gr(Ex MIREX),DESINFECTANTES E INSECTICIDAS > Insecticidas,https://dcdn-us.mitiendanube.com/stores/001/405/077/products/200_205035106_hortal_mix_x_100grex_mirex-99152202c4798cd3ca17860470983657-1024-1024.webp,https://www.msanchezycia.com.ar/productos/hortal-mix-x-100gr-ex-mirex/,100,0
205035106,HORTAL MIX x 100gr(Ex MIREX),DESINFECTANTES E INSECTICIDAS > Insecticidas,https://dcdn-us.mitiendanube.com/stores/001/405/077/products/product_retouching_and_relightin_202608121950-280ecdfe9d7f9c1a0217865823200042-1024-1024.webp,https://www.msanchezycia.com.ar/productos/hortal-mix-x-100gr-ex-mirex/,100,1
205035571,GELTEK Jeringa 6gr Cucarachas,DESINFECTANTES E INSECTICIDAS > Insecticidas,https://dcdn-us.mitiendanube.com/stores/001/405/077/products/201_205035571_geltek_jeringa_6gr_cuca-42cd92dc6c6a61c7f617860471648201-1024-1024.webp,https://www.msanchezycia.com.ar/productos/geltek-jeringa-6gr-cucarachas/,100,0
205035571,GELTEK Jeringa 6gr Cucarachas,DESINFECTANTES E INSECTICIDAS > Insecticidas,https://dcdn-us.mitiendanube.com/stores/001/405/077/products/photo_retouching_and_relighting__202608121956-fb7a6bdde6873942bd17865826325964-1024-1024.webp,https://www.msanchezycia.com.ar/productos/geltek-jeringa-6gr-cucarachas/,100,1
205035573,GELTEK Jeringa 12gr Cucarachas,DESINFECTANTES E INSECTICIDAS > Insecticidas,https://dcdn-us.mitiendanube.com/stores/001/405/077/products/photo_retouching_and_product_edi_202608121956-1059699a36172825e217865826426511-1024-1024.webp,https://www.msanchezycia.com.ar/productos/geltek-jeringa-12gr-cucarachas/,100,0
205035573,GELTEK Jeringa 12gr Cucarachas,DESINFECTANTES E INSECTICIDAS > Insecticidas,https://dcdn-us.mitiendanube.com/stores/001/405/077/products/product_photo_retouching_instruc_202608121956-e7687ef1660da7e36f17865826450205-1024-1024.webp,https://www.msanchezycia.com.ar/productos/geltek-jeringa-12gr-cucarachas/,100,1
205035579,Geltek C Jeringa 60gr Cucarachas,DESINFECTANTES E INSECTICIDAS > Insecticidas,https://dcdn-us.mitiendanube.com/stores/001/405/077/products/204_205035579_geltek_c_jeringa_60gr_cuca-d0dee7118b7a00787d17860469850906-1024-1024.webp,https://www.msanchezycia.com.ar/productos/geltek-c-jeringa-60gr-cucarachas/,100,0
205035579,Geltek C Jeringa 60gr Cucarachas,DESINFECTANTES E INSECTICIDAS > Insecticidas,https://dcdn-us.mitiendanube.com/stores/001/405/077/products/product_retouching_and_relightin_202608122000-45377136eeb910b21117865828332951-1024-1024.webp,https://www.msanchezycia.com.ar/productos/geltek-c-jeringa-60gr-cucarachas/,100,1
205035579,Geltek C Jeringa 60gr Cucarachas,DESINFECTANTES E INSECTICIDAS > Insecticidas,https://dcdn-us.mitiendanube.com/stores/001/405/077/products/product_retouching_and_relightin_202608122000-1-635308ce07c5e2c5c117865828351152-1024-1024.webp,https://www.msanchezycia.com.ar/productos/geltek-c-jeringa-60gr-cucarachas/,100,2
205035572,GELTEK Cebo Cucarachas,DESINFECTANTES E INSECTICIDAS > Insecticidas,https://dcdn-us.mitiendanube.com/stores/001/405/077/products/205_205035572_geltek_cebo_cuca-2e8ac29cb31de9927b17860469222282-1024-1024.webp,https://www.msanchezycia.com.ar/productos/geltek-cebo-cucarachas/,100,0
205035572,GELTEK Cebo Cucarachas,DESINFECTANTES E INSECTICIDAS > Insecticidas,https://dcdn-us.mitiendanube.com/stores/001/405/077/products/product_retouching_and_relightin_202608122003-ba0bf1715f961f52fc17865830410306-1024-1024.webp,https://www.msanchezycia.com.ar/productos/geltek-cebo-cucarachas/,100,1
205035575,GELTEK Jeringa 6gr Hormigas,DESINFECTANTES E INSECTICIDAS > Insecticidas,https://dcdn-us.mitiendanube.com/stores/001/405/077/products/206_205035575_geltek_jeringa_6gr_horm-ff631217a0eaab4b9317860469434266-1024-1024.webp,https://www.msanchezycia.com.ar/productos/geltek-jeringa-6gr-hormigas/,100,0
205035575,GELTEK Jeringa 6gr Hormigas,DESINFECTANTES E INSECTICIDAS > Insecticidas,https://dcdn-us.mitiendanube.com/stores/001/405/077/products/product_photo_retouching_instruc_202608122006-699b690473a36eacb917865831847392-1024-1024.webp,https://www.msanchezycia.com.ar/productos/geltek-jeringa-6gr-hormigas/,100,1
205035582,GELTEK Jeringa 12gr Hormigas,DESINFECTANTES E INSECTICIDAS > Insecticidas,https://dcdn-us.mitiendanube.com/stores/001/405/077/products/207_205035582_geltek_jeringa_12gr_horm-fd8d8b2fb0665866ae17860468008003-1024-1024.webp,https://www.msanchezycia.com.ar/productos/geltek-jeringa-12gr-hormigas/,100,0
205035582,GELTEK Jeringa 12gr Hormigas,DESINFECTANTES E INSECTICIDAS > Insecticidas,https://dcdn-us.mitiendanube.com/stores/001/405/077/products/product_retouching_and_relightin_202608122006-89a7e4d4fcd37f9ebe17865832152664-1024-1024.webp,https://www.msanchezycia.com.ar/productos/geltek-jeringa-12gr-hormigas/,100,1
205035577,GELTEK Raticida Bloque,DESINFECTANTES E INSECTICIDAS > Insecticidas,https://dcdn-us.mitiendanube.com/stores/001/405/077/products/208_205035577_geltek_raticida_bloque-3c99444964950bc2c317860468418144-1024-1024.webp,https://www.msanchezycia.com.ar/productos/geltek-raticida-bloque/,100,0
205035577,GELTEK Raticida Bloque,DESINFECTANTES E INSECTICIDAS > Insecticidas,https://dcdn-us.mitiendanube.com/stores/001/405/077/products/photo_retouching_and_relighting__202608122010-d20f4769dd6517fed617865834176991-1024-1024.webp,https://www.msanchezycia.com.ar/productos/geltek-raticida-bloque/,100,1
806810314,Secador de Goma SEQUI XPER,SECADORES Y SOPAPAS > Secadores de goma color,https://dcdn-us.mitiendanube.com/stores/001/405/077/products/product_retouching_and_relightin_202608122012-fb8e556d2f6520f31c17865835353645-1024-1024.webp,https://www.msanchezycia.com.ar/productos/secador-de-goma-sequi-xper/,100,0
806810314,Secador de Goma SEQUI XPER,SECADORES Y SOPAPAS > Secadores de goma color,https://dcdn-us.mitiendanube.com/stores/001/405/077/products/209_806810314_sec_dgoma_sequi_xper-dafca7b62bd8bc96ce17860468821256-1024-1024.webp,https://www.msanchezycia.com.ar/productos/secador-de-goma-sequi-xper/,100,1
806810314,Secador de Goma SEQUI XPER,SECADORES Y SOPAPAS > Secadores de goma color,https://dcdn-us.mitiendanube.com/stores/001/405/077/products/product_retouching_and_relightin_202608122012-1-bbcbd022328146fe6017865835353307-1024-1024.webp,https://www.msanchezycia.com.ar/productos/secador-de-goma-sequi-xper/,100,2
806810151,Secador 30 SAMANTHA,SECADORES Y SOPAPAS > Secadores plásticos,https://dcdn-us.mitiendanube.com/stores/001/405/077/products/photo_retouching_and_relighting__202608122016-02a2c3d5a72636ebd517865838655999-1024-1024.webp,https://www.msanchezycia.com.ar/productos/secador-30-samantha/,100,0
806810151,Secador 30 SAMANTHA,SECADORES Y SOPAPAS > Secadores plásticos,https://dcdn-us.mitiendanube.com/stores/001/405/077/products/210_806810151_secador_30_samantha-a03415dc25339f5f9017860452723808-1024-1024.webp,https://www.msanchezycia.com.ar/productos/secador-30-samantha/,100,1
806810151,Secador 30 SAMANTHA,SECADORES Y SOPAPAS > Secadores plásticos,https://dcdn-us.mitiendanube.com/stores/001/405/077/products/product_retouching_and_relightin_202608122017-c13778b3e6d8fbdcc517865838656063-1024-1024.webp,https://www.msanchezycia.com.ar/productos/secador-30-samantha/,100,2
806810153,Secador 50 SAMANTHA,SECADORES Y SOPAPAS > Secadores plásticos,https://dcdn-us.mitiendanube.com/stores/001/405/077/products/product_photo_retouching_instruc_202608122021-ce6b4d53692167ac2217865840820205-1024-1024.webp,https://www.msanchezycia.com.ar/productos/secador-50-samantha/,100,0
806810153,Secador 50 SAMANTHA,SECADORES Y SOPAPAS > Secadores plásticos,https://dcdn-us.mitiendanube.com/stores/001/405/077/products/212_806810153_secador_50_samantha-8643ab4686b33b907c17860452965821-1024-1024.webp,https://www.msanchezycia.com.ar/productos/secador-50-samantha/,100,1
806810153,Secador 50 SAMANTHA,SECADORES Y SOPAPAS > Secadores plásticos,https://dcdn-us.mitiendanube.com/stores/001/405/077/products/photo_retouching_and_relighting__202608122021-2b7eb4f897bbf54b5917865840820792-1024-1024.webp,https://www.msanchezycia.com.ar/productos/secador-50-samantha/,100,2
805910201,Secador de Goma Negra 30 cm SUPY,SECADORES Y SOPAPAS > Secadores de goma negra,https://dcdn-us.mitiendanube.com/stores/001/405/077/products/product_photo_retouching_instruc_202608122031-81d6d28e834f6964b217865846882366-1024-1024.webp,https://www.msanchezycia.com.ar/productos/secador-de-goma-negra-30-cm-supy/,100,0
805910201,Secador de Goma Negra 30 cm SUPY,SECADORES Y SOPAPAS > Secadores de goma negra,https://dcdn-us.mitiendanube.com/stores/001/405/077/products/213_805910201_sec_g_negro_30_cm_supy-a29bfba1f60283462f17860452471786-1024-1024.webp,https://www.msanchezycia.com.ar/productos/secador-de-goma-negra-30-cm-supy/,100,1
805910201,Secador de Goma Negra 30 cm SUPY,SECADORES Y SOPAPAS > Secadores de goma negra,https://dcdn-us.mitiendanube.com/stores/001/405/077/products/product_retouching_and_relightin_202608122031-f44db9872149aa24ee17865846898872-1024-1024.webp,https://www.msanchezycia.com.ar/productos/secador-de-goma-negra-30-cm-supy/,100,2
805910201,Secador de Goma Negra 30 cm SUPY,SECADORES Y SOPAPAS > Secadores de goma negra,https://dcdn-us.mitiendanube.com/stores/001/405/077/products/photo_retouching_and_product_edi_202608122031-5bcce22a4a315007c017865846868013-1024-1024.webp,https://www.msanchezycia.com.ar/productos/secador-de-goma-negra-30-cm-supy/,100,3
805910202,Secador de Goma Negra 40 cm SUPY,SECADORES Y SOPAPAS > Secadores de goma negra,https://dcdn-us.mitiendanube.com/stores/001/405/077/products/product_photo_retouching_instruc_202608122034-55a9ad7c5dad43954517865849779104-1024-1024.webp,https://www.msanchezycia.com.ar/productos/secador-de-goma-negra-40-cm-supy/,100,0
805910202,Secador de Goma Negra 40 cm SUPY,SECADORES Y SOPAPAS > Secadores de goma negra,https://dcdn-us.mitiendanube.com/stores/001/405/077/products/214_805910202_sec_g_negro_40_cm_supy-eed23e6186db19ba4317860451685201-1024-1024.webp,https://www.msanchezycia.com.ar/productos/secador-de-goma-negra-40-cm-supy/,100,1
805910202,Secador de Goma Negra 40 cm SUPY,SECADORES Y SOPAPAS > Secadores de goma negra,https://dcdn-us.mitiendanube.com/stores/001/405/077/products/product_retouching_and_relightin_202608122035-5330918fc81fd9a6af17865849778837-1024-1024.webp,https://www.msanchezycia.com.ar/productos/secador-de-goma-negra-40-cm-supy/,100,2
805910202,Secador de Goma Negra 40 cm SUPY,SECADORES Y SOPAPAS > Secadores de goma negra,https://dcdn-us.mitiendanube.com/stores/001/405/077/products/product_photo_retouching_instruc_202608122036-6364d3eec3c046737417865849779185-1024-1024.webp,https://www.msanchezycia.com.ar/productos/secador-de-goma-negra-40-cm-supy/,100,3
805910203,Secador de Goma Negra 50 cm SUPY,SECADORES Y SOPAPAS > Secadores de goma negra,https://dcdn-us.mitiendanube.com/stores/001/405/077/products/product_photo_retouching_instruc_202608122038-44b71685306e63302417865851451269-1024-1024.webp,https://www.msanchezycia.com.ar/productos/secador-de-goma-negra-50-cm-supy/,100,0
805910203,Secador de Goma Negra 50 cm SUPY,SECADORES Y SOPAPAS > Secadores de goma negra,https://dcdn-us.mitiendanube.com/stores/001/405/077/products/215_805910203_sec_g_negro_50_cm_supy-b2a8d7c9a6ce0b600617860451896832-1024-1024.webp,https://www.msanchezycia.com.ar/productos/secador-de-goma-negra-50-cm-supy/,100,1
805910203,Secador de Goma Negra 50 cm SUPY,SECADORES Y SOPAPAS > Secadores de goma negra,https://dcdn-us.mitiendanube.com/stores/001/405/077/products/photo_retouching_and_relighting__202608122038-54e8a6e170e4d9a5f717865851441190-1024-1024.webp,https://www.msanchezycia.com.ar/productos/secador-de-goma-negra-50-cm-supy/,100,2
805910203,Secador de Goma Negra 50 cm SUPY,SECADORES Y SOPAPAS > Secadores de goma negra,https://dcdn-us.mitiendanube.com/stores/001/405/077/products/photo_retouching_and_product_edi_202608122038-485ee0d0858fc5872417865851438335-1024-1024.webp,https://www.msanchezycia.com.ar/productos/secador-de-goma-negra-50-cm-supy/,100,3
807110112,Sopapa Flopy SAMANTHA,SECADORES Y SOPAPAS > Sopapas,https://dcdn-us.mitiendanube.com/stores/001/405/077/products/216_807110112_sopapa_flopy_samantha-409608f91e005815ad17860452167390-1024-1024.webp,https://www.msanchezycia.com.ar/productos/sopapa-flopy-samantha/,100,0
807127001,Sopapa roja SUPY,SECADORES Y SOPAPAS > Sopapas,https://dcdn-us.mitiendanube.com/stores/001/405/077/products/217_807127001_sopapa_roja_supy-a88c02483cddc498be17860451384827-1024-1024.webp,https://www.msanchezycia.com.ar/productos/sopapa-roja-supy/,100,0
807127101,Sopapa negra SUPY,SECADORES Y SOPAPAS > Sopapas,https://dcdn-us.mitiendanube.com/stores/001/405/077/products/218_807127101_sopapa_negra_supy-b78fd0c78a5f10098217860450778277-1024-1024.webp,https://www.msanchezycia.com.ar/productos/sopapa-negra-supy/,100,0
807127202,Sopapa Gigante,SECADORES Y SOPAPAS > Sopapas,https://dcdn-us.mitiendanube.com/stores/001/405/077/products/219_807127202_sopapa_gigante-afa1dc5119a35b0dd017860450976856-1024-1024.webp,https://www.msanchezycia.com.ar/productos/sopapa-gigante/,100,0
Sin código,Sopapa Gigante SG,SECADORES Y SOPAPAS > Sopapas,https://dcdn-us.mitiendanube.com/stores/001/405/077/products/220_nan_sopapa_gigante_sg-4e29ad77f2beed629617860451159527-1024-1024.webp,https://www.msanchezycia.com.ar/productos/sopapa-gigante-sg/,100,0
708045031,Recipiente 7 L Red con Pedal PHOUSE,RECIPIENTES > Recipientes residuo,https://dcdn-us.mitiendanube.com/stores/001/405/077/products/photo_retouching_and_relighting__202608122044-e2c08a7ac9d895d15a17865854955872-1024-1024.webp,https://www.msanchezycia.com.ar/productos/recipiente-7-l-red-con-pedal-phouse/,100,0
708045031,Recipiente 7 L Red con Pedal PHOUSE,RECIPIENTES > Recipientes residuo,https://dcdn-us.mitiendanube.com/stores/001/405/077/products/221_708045031_rec_7_l_red_cped_phouse_v2-30078f2586b319e05817860450474513-1024-1024.webp,https://www.msanchezycia.com.ar/productos/recipiente-7-l-red-con-pedal-phouse/,100,1
708045031,Recipiente 7 L Red con Pedal PHOUSE,RECIPIENTES > Recipientes residuo,https://dcdn-us.mitiendanube.com/stores/001/405/077/products/221_708045031_rec_7_l_red_cped_phouse_v1-ef98c101a8fa1ee77d17860450477703-1024-1024.webp,https://www.msanchezycia.com.ar/productos/recipiente-7-l-red-con-pedal-phouse/,100,2
708045031,Recipiente 7 L Red con Pedal PHOUSE,RECIPIENTES > Recipientes residuo,https://dcdn-us.mitiendanube.com/stores/001/405/077/products/photo_retouching_and_relighting__202608122047-6298beba496a9bd79417865856774221-1024-1024.webp,https://www.msanchezycia.com.ar/productos/recipiente-7-l-red-con-pedal-phouse/,100,3
708045062,Recipiente 12 L con Pedal PHOUSE,RECIPIENTES > Recipientes residuo,https://dcdn-us.mitiendanube.com/stores/001/405/077/products/photo_retouching_and_product_edi_202608122049-6a70749831d6cfa42117865858016681-1024-1024.webp,https://www.msanchezycia.com.ar/productos/recipiente-12-l-con-pedal-phouse/,100,0
708045062,Recipiente 12 L con Pedal PHOUSE,RECIPIENTES > Recipientes residuo,https://dcdn-us.mitiendanube.com/stores/001/405/077/products/222_708045062_rec_12_l_cped_phouse-52e77104a0768bc49417860449752598-1024-1024.webp,https://www.msanchezycia.com.ar/productos/recipiente-12-l-con-pedal-phouse/,100,1
708045066,Recipiente 12 Rec con Pedal STAR,RECIPIENTES > Recipientes residuo,https://dcdn-us.mitiendanube.com/stores/001/405/077/products/223_708045066_rec_12_rec_cped_star-ad554bfdcc327f9d4d17860450021799-1024-1024.webp,https://www.msanchezycia.com.ar/productos/recipiente-12-rec-con-pedal-star/,100,0
708045066,Recipiente 12 Rec con Pedal STAR,RECIPIENTES > Recipientes residuo,https://dcdn-us.mitiendanube.com/stores/001/405/077/products/product_retouching_and_relightin_202608122051-533ae3a50beab382b317865859203400-1024-1024.webp,https://www.msanchezycia.com.ar/productos/recipiente-12-rec-con-pedal-star/,100,1
708045239,Recipiente 22L con Pedal STAR,RECIPIENTES > Recipientes residuo,https://dcdn-us.mitiendanube.com/stores/001/405/077/products/product_photo_retouching_instruc_202608122054-1-0e244872d2c4fabfa217865860887514-1024-1024.webp,https://www.msanchezycia.com.ar/productos/recipiente-22l-con-pedal-star/,100,0
708045239,Recipiente 22L con Pedal STAR,RECIPIENTES > Recipientes residuo,https://dcdn-us.mitiendanube.com/stores/001/405/077/products/product_photo_retouching_instruc_202608122054-a3679ac714959e76fe17865860888299-1024-1024.webp,https://www.msanchezycia.com.ar/productos/recipiente-22l-con-pedal-star/,100,1
708045083,Recipiente 16 L con Pedal COLORES,RECIPIENTES > Recipientes residuo,https://dcdn-us.mitiendanube.com/stores/001/405/077/products/product_retouching_and_relightin_202608122058-a7b3d760cb13722b7117865863218057-1024-1024.webp,https://www.msanchezycia.com.ar/productos/recipiente-16-l-con-pedal-colores/,100,0
708045083,Recipiente 16 L con Pedal COLORES,RECIPIENTES > Recipientes residuo,https://dcdn-us.mitiendanube.com/stores/001/405/077/products/225_708045083_rec_16_l_cped_colores_v3-d457a368a489f20e5117860449188203-1024-1024.webp,https://www.msanchezycia.com.ar/productos/recipiente-16-l-con-pedal-colores/,100,1
708045083,Recipiente 16 L con Pedal COLORES,RECIPIENTES > Recipientes residuo,https://dcdn-us.mitiendanube.com/stores/001/405/077/products/product_retouching_and_relightin_202608122058-2-73a71bdcd56ae454b317865863231549-1024-1024.webp,https://www.msanchezycia.com.ar/productos/recipiente-16-l-con-pedal-colores/,100,2
708045083,Recipiente 16 L con Pedal COLORES,RECIPIENTES > Recipientes residuo,https://dcdn-us.mitiendanube.com/stores/001/405/077/products/225_708045083_rec_16_l_cped_colores_v2-07a2d5dd237221d4b017860449191201-1024-1024.webp,https://www.msanchezycia.com.ar/productos/recipiente-16-l-con-pedal-colores/,100,3
708045083,Recipiente 16 L con Pedal COLORES,RECIPIENTES > Recipientes residuo,https://dcdn-us.mitiendanube.com/stores/001/405/077/products/product_retouching_and_relightin_202608122058-1-af1b918bb02d33f54917865863220005-1024-1024.webp,https://www.msanchezycia.com.ar/productos/recipiente-16-l-con-pedal-colores/,100,4
708045083,Recipiente 16 L con Pedal COLORES,RECIPIENTES > Recipientes residuo,https://dcdn-us.mitiendanube.com/stores/001/405/077/products/225_708045083_rec_16_l_cped_colores_v1-1e774bae0cbe7440dc17860449191731-1024-1024.webp,https://www.msanchezycia.com.ar/productos/recipiente-16-l-con-pedal-colores/,100,5
708045084,Recipiente 20L Tapa Vaivén COLORES,RECIPIENTES > Recipientes residuo,https://dcdn-us.mitiendanube.com/stores/001/405/077/products/226_708045084_rec_20l_tvaiv_colores_v3-239809cca45e10984517860449456444-1024-1024.webp,https://www.msanchezycia.com.ar/productos/recipiente-20l-tapa-vaiven-colores/,100,0
708045084,Recipiente 20L Tapa Vaivén COLORES,RECIPIENTES > Recipientes residuo,https://dcdn-us.mitiendanube.com/stores/001/405/077/products/226_708045084_rec_20l_tvaiv_colores_v2-872ce9553f69139ee417860449456410-1024-1024.webp,https://www.msanchezycia.com.ar/productos/recipiente-20l-tapa-vaiven-colores/,100,1
708045084,Recipiente 20L Tapa Vaivén COLORES,RECIPIENTES > Recipientes residuo,https://dcdn-us.mitiendanube.com/stores/001/405/077/products/226_708045084_rec_20l_tvaiv_colores_v1-0b3f4cd104df41a42817860449456288-1024-1024.webp,https://www.msanchezycia.com.ar/productos/recipiente-20l-tapa-vaiven-colores/,100,2
89011901,Poxipol Metalico 10 Min,BAZAR > Varios bazar,https://dcdn-us.mitiendanube.com/stores/001/405/077/products/227_89011901_poxipol_metalico_10_min-27a702862fd9e6275217860448387013-1024-1024.webp,https://www.msanchezycia.com.ar/productos/poxipol-metalico-10-min/,100,0
89011902,Poxipol Transparente 10 Min,BAZAR > Varios bazar,https://dcdn-us.mitiendanube.com/stores/001/405/077/products/228_89011902_poxipol_transparente_10_min-d43e065258b672443317860448589837-1024-1024.webp,https://www.msanchezycia.com.ar/productos/poxipol-transparente-10-min/,100,0
89011903,Poxilina 70 Gr 10 Min,BAZAR > Varios bazar,https://dcdn-us.mitiendanube.com/stores/001/405/077/products/229_89011903_poxilina_70_gr_10_min-b8898d87dc87b8982f17860448870986-1024-1024.webp,https://www.msanchezycia.com.ar/productos/poxilina-70-gr-10-min/,100,0
89011904,La Gotita,BAZAR > Varios bazar,https://dcdn-us.mitiendanube.com/stores/001/405/077/products/230_89011904_la_gotita-9c4d0f31921d5baa2e17860448178431-1024-1024.webp,https://www.msanchezycia.com.ar/productos/la-gotita/,100,0
89011905,La Gotita Gel,BAZAR > Varios bazar,https://dcdn-us.mitiendanube.com/stores/001/405/077/products/231_89011905_la_gotita_gel-a0004ac26c5a86745d17860445461995-1024-1024.webp,https://www.msanchezycia.com.ar/productos/la-gotita-gel/,100,0
89011906,Poxiran 23 Gr,BAZAR > Varios bazar,https://dcdn-us.mitiendanube.com/stores/001/405/077/products/232_89011906_poxiran_23_gr-b498869727bb1bbcbc17860445723964-1024-1024.webp,https://www.msanchezycia.com.ar/productos/poxiran-23-gr/,100,0
89011907,Fastix Transparente 25 Gr,BAZAR > Varios bazar,https://dcdn-us.mitiendanube.com/stores/001/405/077/products/233_89011907_fastix_transparente_25_gr-f3dc62d77363cbb37d17860446034719-1024-1024.webp,https://www.msanchezycia.com.ar/productos/fastix-transparente-25-gr/,100,0
89011909,Pulpito 50 Gr,BAZAR > Varios bazar,https://dcdn-us.mitiendanube.com/stores/001/405/077/products/235_89011909_pulpito_50_gr-72d8f595213c34b9d217860444885461-1024-1024.webp,https://www.msanchezycia.com.ar/productos/pulpito-50-gr/,100,0
89011915,Eccole 3g,BAZAR > Varios bazar,https://dcdn-us.mitiendanube.com/stores/001/405/077/products/238_89011915_eccole_3g-295a5447e74ed45b8017860445189879-1024-1024.webp,https://www.msanchezycia.com.ar/productos/eccole-3g/,100,0
89011916,Poxiran Transp 25 Gr,BAZAR > Varios bazar,https://dcdn-us.mitiendanube.com/stores/001/405/077/products/239_89011916_poxiran_transp_25_gr-8427670324437b9f5317860444234031-1024-1024.webp,https://www.msanchezycia.com.ar/productos/poxiran-transp-25-gr/,100,0
89011918,Unipox Extrafuerte 25Ml,BAZAR > Varios bazar,https://dcdn-us.mitiendanube.com/stores/001/405/077/products/240_89011918_unipox_extrafuerte_25ml-7043126badb1e44ee417860444563288-1024-1024.webp,https://www.msanchezycia.com.ar/productos/unipox-extrafuerte-25ml/,100,0
82219309,Fibra Esponja Chatita,BAÑO > Esponjas,https://dcdn-us.mitiendanube.com/stores/001/405/077/products/241_82219309_fibra_esp_chatita-7ed2e001a19f9afaeb17860443762412-1024-1024.webp,https://www.msanchezycia.com.ar/productos/fibra-esponja-chatita/,100,0
82219309,Fibra Esponja Chatita,BAÑO > Esponjas,https://dcdn-us.mitiendanube.com/stores/001/405/077/products/photo_retouching_and_relighting__202608122104-0a3460ae4304eb2f1617865866832994-1024-1024.webp,https://www.msanchezycia.com.ar/productos/fibra-esponja-chatita/,100,1
82219356,Fibra Verde 15x10 Env x2,BAÑO > Esponjas,https://dcdn-us.mitiendanube.com/stores/001/405/077/products/242_82219356_fibra_verde_15x10_env_x2-bc23935199d40c3aed17860443945308-1024-1024.webp,https://www.msanchezycia.com.ar/productos/fibra-verde-15x10-env-x2/,100,0
82219356,Fibra Verde 15x10 Env x2,BAÑO > Esponjas,https://dcdn-us.mitiendanube.com/stores/001/405/077/products/product_retouching_and_relightin_202608122106-bf4d938697509cf60717865868038315-1024-1024.webp,https://www.msanchezycia.com.ar/productos/fibra-verde-15x10-env-x2/,100,1
82219101,Estropajo de Acero 20 Gr SCHEZ,BAÑO > Esponjas,https://dcdn-us.mitiendanube.com/stores/001/405/077/products/product_retouching_and_relightin_202608122142-1-eb922007ecb1faab5717865889536411-1024-1024.webp,https://www.msanchezycia.com.ar/productos/estropajo-de-acero-20-gr-schez/,100,0
82219101,Estropajo de Acero 20 Gr SCHEZ,BAÑO > Esponjas,https://dcdn-us.mitiendanube.com/stores/001/405/077/products/product_photo_retouching_instruc_202608122142-85db3beeca35900f5217865889518542-1024-1024.webp,https://www.msanchezycia.com.ar/productos/estropajo-de-acero-20-gr-schez/,100,1
82219101,Estropajo de Acero 20 Gr SCHEZ,BAÑO > Esponjas,https://dcdn-us.mitiendanube.com/stores/001/405/077/products/product_retouching_and_relightin_202608122142-979dfc9bbf2a21882817865889520493-1024-1024.webp,https://www.msanchezycia.com.ar/productos/estropajo-de-acero-20-gr-schez/,100,2
82219010,Esponja Inoxidable 12 Gr SCHEZ,BAÑO > Esponjas,https://dcdn-us.mitiendanube.com/stores/001/405/077/products/246_82219010_esp_inoxi_12_gr_schez-73c0bfd4f94d603cfc17860443227154-1024-1024.webp,https://www.msanchezycia.com.ar/productos/esponja-inoxidable-12-gr-schez/,100,0
82219010,Esponja Inoxidable 12 Gr SCHEZ,BAÑO > Esponjas,https://dcdn-us.mitiendanube.com/stores/001/405/077/products/photo_retouching_and_relighting__202608122136-da3619e6596fd35b5017865886089545-1024-1024.webp,https://www.msanchezycia.com.ar/productos/esponja-inoxidable-12-gr-schez/,100,1
82219010,Esponja Inoxidable 12 Gr SCHEZ,BAÑO > Esponjas,https://dcdn-us.mitiendanube.com/stores/001/405/077/products/product_photo_retouching_instruc_202608122136-9268fc908ce4e46b6517865886085181-1024-1024.webp,https://www.msanchezycia.com.ar/productos/esponja-inoxidable-12-gr-schez/,100,2
82219010,Esponja Inoxidable 12 Gr SCHEZ,BAÑO > Esponjas,https://dcdn-us.mitiendanube.com/stores/001/405/077/products/photo_retouching_and_relighting__202608122136-2-c9430c4650432903a017865886092250-1024-1024.webp,https://www.msanchezycia.com.ar/productos/esponja-inoxidable-12-gr-schez/,100,3
82219010,Esponja Inoxidable 12 Gr SCHEZ,BAÑO > Esponjas,https://dcdn-us.mitiendanube.com/stores/001/405/077/products/product_retouching_and_relightin_202608122135-fde5c701cec4c5f40717865886093131-1024-1024.webp,https://www.msanchezycia.com.ar/productos/esponja-inoxidable-12-gr-schez/,100,4
82219011,Esponja Inoxidable 15 Gr SCHEZ,BAÑO > Esponjas,https://dcdn-us.mitiendanube.com/stores/001/405/077/products/247_82219011_esp_inoxi_15_gr_schez-05b10586f147dcb19217860443409278-1024-1024.webp,https://www.msanchezycia.com.ar/productos/esponja-inoxidable-15-gr-schez/,100,0
82219011,Esponja Inoxidable 15 Gr SCHEZ,BAÑO > Esponjas,https://dcdn-us.mitiendanube.com/stores/001/405/077/products/product_retouching_and_relightin_202608122147-7e118599d44b17ddb117865892310282-1024-1024.webp,https://www.msanchezycia.com.ar/productos/esponja-inoxidable-15-gr-schez/,100,1
82219011,Esponja Inoxidable 15 Gr SCHEZ,BAÑO > Esponjas,https://dcdn-us.mitiendanube.com/stores/001/405/077/products/product_retouching_and_relightin_202608122146-35f1351bf33d83e56317865892314222-1024-1024.webp,https://www.msanchezycia.com.ar/productos/esponja-inoxidable-15-gr-schez/,100,2
82219012,Esponja Inoxidable 50 Gr SCHEZ,BAÑO > Esponjas,https://dcdn-us.mitiendanube.com/stores/001/405/077/products/248_82219012_esp_inoxi_50_gr_schez-17e5afb71661dbab2b17860442530012-1024-1024.webp,https://www.msanchezycia.com.ar/productos/esponja-inoxidable-50-gr-schez/,100,0
82219012,Esponja Inoxidable 50 Gr SCHEZ,BAÑO > Esponjas,https://dcdn-us.mitiendanube.com/stores/001/405/077/products/photo_retouching_and_relighting__202608122150-e9d66a1fb684ce8e3a17865894201393-1024-1024.webp,https://www.msanchezycia.com.ar/productos/esponja-inoxidable-50-gr-schez/,100,1
82219012,Esponja Inoxidable 50 Gr SCHEZ,BAÑO > Esponjas,https://dcdn-us.mitiendanube.com/stores/001/405/077/products/product_retouching_and_relightin_202608122150-0f67550a922ee0933c17865894202630-1024-1024.webp,https://www.msanchezycia.com.ar/productos/esponja-inoxidable-50-gr-schez/,100,2
82219013,Esponja Inoxidable 10 Gr Eco SCHEZ,BAÑO > Esponjas,https://dcdn-us.mitiendanube.com/stores/001/405/077/products/249_82219013_esp_inoxi_10_gr_eco_schez-b0ae196a703338eec917860442736990-1024-1024.webp,https://www.msanchezycia.com.ar/productos/esponja-inoxidable-10-gr-eco-schez/,100,0
82219013,Esponja Inoxidable 10 Gr Eco SCHEZ,BAÑO > Esponjas,https://dcdn-us.mitiendanube.com/stores/001/405/077/products/product_retouching_and_relightin_202608122153-2a4ac5d5d0f9a8ae8e17865895930322-1024-1024.webp,https://www.msanchezycia.com.ar/productos/esponja-inoxidable-10-gr-eco-schez/,100,1
82219013,Esponja Inoxidable 10 Gr Eco SCHEZ,BAÑO > Esponjas,https://dcdn-us.mitiendanube.com/stores/001/405/077/products/photo_retouching_and_relighting__202608122152-d718dacc878740edd117865895931194-1024-1024.webp,https://www.msanchezycia.com.ar/productos/esponja-inoxidable-10-gr-eco-schez/,100,2
82219014,Esponja Inoxidable 30 Gr SCHEZ,BAÑO > Esponjas,https://dcdn-us.mitiendanube.com/stores/001/405/077/products/250_82219014_esp_inoxi_30_gr_schez-6a979dc0727628fdd117860442012930-1024-1024.webp,https://www.msanchezycia.com.ar/productos/esponja-inoxidable-30-gr-schez/,100,0
82219014,Esponja Inoxidable 30 Gr SCHEZ,BAÑO > Esponjas,https://dcdn-us.mitiendanube.com/stores/001/405/077/products/product_retouching_and_relightin_202608122156-1-b027a22b8e83649e2c17865897985859-1024-1024.webp,https://www.msanchezycia.com.ar/productos/esponja-inoxidable-30-gr-schez/,100,1
82219014,Esponja Inoxidable 30 Gr SCHEZ,BAÑO > Esponjas,https://dcdn-us.mitiendanube.com/stores/001/405/077/products/product_retouching_and_relightin_202608122156-14d24ff84ab573349d17865897988305-1024-1024.webp,https://www.msanchezycia.com.ar/productos/esponja-inoxidable-30-gr-schez/,100,2
82219320,Esponja Fibra Facil (Spunita),BAÑO > Esponjas,https://dcdn-us.mitiendanube.com/stores/001/405/077/products/251_82219320_esp_fibra_facil_spunita-05f10d3155bafdf42617860442295715-1024-1024.webp,https://www.msanchezycia.com.ar/productos/esponja-fibra-facil-spunita/,100,0
82219320,Esponja Fibra Facil (Spunita),BAÑO > Esponjas,https://dcdn-us.mitiendanube.com/stores/001/405/077/products/1a9ed9f9-5975-4647-9428-d7e50d3f5194-ab65d195dccdc9ac8117865900023048-1024-1024.webp,https://www.msanchezycia.com.ar/productos/esponja-fibra-facil-spunita/,100,1
82219320,Esponja Fibra Facil (Spunita),BAÑO > Esponjas,https://dcdn-us.mitiendanube.com/stores/001/405/077/products/d69d8040-8e56-427a-8df8-135737e84819-1a2f6ee3c2fca9242517865900352791-1024-1024.webp,https://www.msanchezycia.com.ar/productos/esponja-fibra-facil-spunita/,100,2
82219302,Fibra Esponja plateada 1ra,BAÑO > Esponjas,https://dcdn-us.mitiendanube.com/stores/001/405/077/products/252_82219302_fibra_esp_plateada_1ra-97073ce592af7411b817860441085237-1024-1024.webp,https://www.msanchezycia.com.ar/productos/fibra-esponja-plateada-1ra/,100,0
82219302,Fibra Esponja plateada 1ra,BAÑO > Esponjas,https://dcdn-us.mitiendanube.com/stores/001/405/077/products/f5e68e1a-56a1-438e-93a9-e5982ab5515f-21ea29a01c6015171d17865903242319-1024-1024.webp,https://www.msanchezycia.com.ar/productos/fibra-esponja-plateada-1ra/,100,1
82219302,Fibra Esponja plateada 1ra,BAÑO > Esponjas,https://dcdn-us.mitiendanube.com/stores/001/405/077/products/00d1f391-c2e5-485a-b081-690924759012-d9b746ec353507e3e817865903991677-1024-1024.webp,https://www.msanchezycia.com.ar/productos/fibra-esponja-plateada-1ra/,100,2
82219302,Fibra Esponja plateada 1ra,BAÑO > Esponjas,https://dcdn-us.mitiendanube.com/stores/001/405/077/products/f9bbcfaa-66e3-436b-8e42-095235afec79-e41646ef60e6eda03d17865903526080-1024-1024.webp,https://www.msanchezycia.com.ar/productos/fibra-esponja-plateada-1ra/,100,3
82219303,Fibra Esponja rosada 1ra.,BAÑO > Esponjas,https://dcdn-us.mitiendanube.com/stores/001/405/077/products/253_82219303_fibra_esp_rosada_1ra-e24cd074fb0d8ad59b17860441295201-1024-1024.webp,https://www.msanchezycia.com.ar/productos/fibra-esponja-rosada-1ra/,100,0
82219303,Fibra Esponja rosada 1ra.,BAÑO > Esponjas,https://dcdn-us.mitiendanube.com/stores/001/405/077/products/e03acc88-d3a3-4d1d-8fb6-e05b27cb0ed0-dac0d65a4566f63c7617865909088376-1024-1024.webp,https://www.msanchezycia.com.ar/productos/fibra-esponja-rosada-1ra/,100,1
82219303,Fibra Esponja rosada 1ra.,BAÑO > Esponjas,https://dcdn-us.mitiendanube.com/stores/001/405/077/products/a604e388-5796-4424-9f61-df7d9bd75861-58a0f705b56fd4f4f117865909042072-1024-1024.webp,https://www.msanchezycia.com.ar/productos/fibra-esponja-rosada-1ra/,100,2
82219312,Fibra Esponja plateada Eco,BAÑO > Esponjas,https://dcdn-us.mitiendanube.com/stores/001/405/077/products/254_82219312_fibra_esp_plateada_eco-72839f249acf4dd95f17860441512178-1024-1024.webp,https://www.msanchezycia.com.ar/productos/fibra-esponja-plateada-eco/,100,0
82219312,Fibra Esponja plateada Eco,BAÑO > Esponjas,https://dcdn-us.mitiendanube.com/stores/001/405/077/products/f7bb6692-be9b-4c5f-801b-54854a12004a-6722baffea00220f2d17865912227979-1024-1024.webp,https://www.msanchezycia.com.ar/productos/fibra-esponja-plateada-eco/,100,1
82219312,Fibra Esponja plateada Eco,BAÑO > Esponjas,https://dcdn-us.mitiendanube.com/stores/001/405/077/products/1a2c9229-9f49-4a47-92f3-eedd59942971-576f53853b6ee1d1d017865912259849-1024-1024.webp,https://www.msanchezycia.com.ar/productos/fibra-esponja-plateada-eco/,100,2
82219313,Fibra Esponja rosada Eco,BAÑO > Esponjas,https://dcdn-us.mitiendanube.com/stores/001/405/077/products/255_82219313_fibra_esp_rosada_eco-fe859f7f7e556468bc17860440708311-1024-1024.webp,https://www.msanchezycia.com.ar/productos/fibra-esponja-rosada-eco/,100,0
82219313,Fibra Esponja rosada Eco,BAÑO > Esponjas,https://dcdn-us.mitiendanube.com/stores/001/405/077/products/7decf10c-2770-413d-ab56-dbc9c184a949-07b4f71a9eff16918817865914814967-1024-1024.webp,https://www.msanchezycia.com.ar/productos/fibra-esponja-rosada-eco/,100,1
82219313,Fibra Esponja rosada Eco,BAÑO > Esponjas,https://dcdn-us.mitiendanube.com/stores/001/405/077/products/15c143ef-ab4f-4629-afc4-e492692920b9-1b6ee43febea427b3b17865914901398-1024-1024.webp,https://www.msanchezycia.com.ar/productos/fibra-esponja-rosada-eco/,100,2
82219003,Esponja Dorada 30 Gr SCHEZ,Productos,https://dcdn-us.mitiendanube.com/stores/001/405/077/products/256-esponja-dorada-30-gr-schez-256-2-bb0ad67937f61cd37f17866678260520-1024-1024.webp,https://www.msanchezycia.com.ar/productos/esponja-dorada-30-gr-schez-qf0df/,100,0
82219003,Esponja Dorada 30 Gr SCHEZ,Productos,https://dcdn-us.mitiendanube.com/stores/001/405/077/products/256-esponja-dorada-30-gr-schez-2-1bf3495db32adda2a917866678257754-1024-1024.webp,https://www.msanchezycia.com.ar/productos/esponja-dorada-30-gr-schez-qf0df/,100,1
82219003,Esponja Dorada 30 Gr SCHEZ,Productos,https://dcdn-us.mitiendanube.com/stores/001/405/077/products/256-esponja-dorada-30-gr-schez-73a26c7cc70d30736317866678256442-1024-1024.webp,https://www.msanchezycia.com.ar/productos/esponja-dorada-30-gr-schez-qf0df/,100,2
82219001,Esponja Dorada 12 Gr SCHEZ,Productos,https://dcdn-us.mitiendanube.com/stores/001/405/077/products/257-esponja-dorada-12-gr-schez-257-2-c801f7f070a1ed736a17866679178754-1024-1024.webp,https://www.msanchezycia.com.ar/productos/esponja-dorada-12-gr-schez-1xfu8/,100,0
82219001,Esponja Dorada 12 Gr SCHEZ,Productos,https://dcdn-us.mitiendanube.com/stores/001/405/077/products/257-esponja-dorada-12-gr-schez-2-33fb9bd40b0c1c2a6117866679178958-1024-1024.webp,https://www.msanchezycia.com.ar/productos/esponja-dorada-12-gr-schez-1xfu8/,100,1
82219001,Esponja Dorada 12 Gr SCHEZ,Productos,https://dcdn-us.mitiendanube.com/stores/001/405/077/products/257-esponja-dorada-12-gr-schez-29636b47756dc8838517866679178138-1024-1024.webp,https://www.msanchezycia.com.ar/productos/esponja-dorada-12-gr-schez-1xfu8/,100,2
82219310,Rejilla Dorada Doble faz Gr,Productos,https://dcdn-us.mitiendanube.com/stores/001/405/077/products/258-rejilla-dorada-doble-faz-gr-f4a50df8c2cd2a2e1917866679613793-1024-1024.webp,https://www.msanchezycia.com.ar/productos/rejilla-dorada-doble-faz-gr-9csnb/,100,0
82219310,Rejilla Dorada Doble faz Gr,Productos,https://dcdn-us.mitiendanube.com/stores/001/405/077/products/258-rejilla-dorada-doble-faz-gr-258-2-ebc2bcb5bf9aba54d917866679613537-1024-1024.webp,https://www.msanchezycia.com.ar/productos/rejilla-dorada-doble-faz-gr-9csnb/,100,1
82219310,Rejilla Dorada Doble faz Gr,Productos,https://dcdn-us.mitiendanube.com/stores/001/405/077/products/258-rejilla-dorada-doble-faz-gr-258-1-e15b9b4fe2b62c448417866679613536-1024-1024.webp,https://www.msanchezycia.com.ar/productos/rejilla-dorada-doble-faz-gr-9csnb/,100,2
82219308,Fibra esponja Esp,Productos,https://dcdn-us.mitiendanube.com/stores/001/405/077/products/259-fibra-esponja-esp-259-97a909ead57d90224017866680120180-1024-1024.webp,https://www.msanchezycia.com.ar/productos/fibra-esponja-esp-fdbs3/,100,0
82219308,Fibra esponja Esp,Productos,https://dcdn-us.mitiendanube.com/stores/001/405/077/products/photo_retouching_and_product_edi_202608131850-ac56ff6d876e6dbf1e17866680121496-1024-1024.webp,https://www.msanchezycia.com.ar/productos/fibra-esponja-esp-fdbs3/,100,1
82219308,Fibra esponja Esp,Productos,https://dcdn-us.mitiendanube.com/stores/001/405/077/products/photo_retouching_and_relighting__202608131849-7966d26e555cc1e97f17866680120365-1024-1024.webp,https://www.msanchezycia.com.ar/productos/fibra-esponja-esp-fdbs3/,100,2
82219308,Fibra esponja Esp,Productos,https://dcdn-us.mitiendanube.com/stores/001/405/077/products/259-fibra-esponja-esp-259-1-a8af14512ab1c49c7d17866680121510-1024-1024.webp,https://www.msanchezycia.com.ar/productos/fibra-esponja-esp-fdbs3/,100,3
82219306,Fibra Esp con agarre,Productos,https://dcdn-us.mitiendanube.com/stores/001/405/077/products/260-fibra-esp-con-agarre-260-4ee33a6e7c9085a04c17866680532542-1024-1024.webp,https://www.msanchezycia.com.ar/productos/fibra-esp-con-agarre-14k81/,100,0
82219306,Fibra Esp con agarre,Productos,https://dcdn-us.mitiendanube.com/stores/001/405/077/products/product_retouching_and_relightin_202608131851-3dd9367ab38f0071c917866680531542-1024-1024.webp,https://www.msanchezycia.com.ar/productos/fibra-esp-con-agarre-14k81/,100,1
82219306,Fibra Esp con agarre,Productos,https://dcdn-us.mitiendanube.com/stores/001/405/077/products/product_photo_retouching_instruc_202608131850-04151a109aa67d8df017866680534347-1024-1024.webp,https://www.msanchezycia.com.ar/productos/fibra-esp-con-agarre-14k81/,100,2
82219306,Fibra Esp con agarre,Productos,https://dcdn-us.mitiendanube.com/stores/001/405/077/products/260-fibra-esp-con-agarre-260-1-2947c905fd3cba0e0b17866680533252-1024-1024.webp,https://www.msanchezycia.com.ar/productos/fibra-esp-con-agarre-14k81/,100,3
82219301,Fibra esponja SCHEZ,Productos,https://dcdn-us.mitiendanube.com/stores/001/405/077/products/261-fibra-esponja-schez-261-85314585265305665817866680885483-1024-1024.webp,https://www.msanchezycia.com.ar/productos/fibra-esponja-schez-hj9wt/,100,0
82219301,Fibra esponja SCHEZ,Productos,https://dcdn-us.mitiendanube.com/stores/001/405/077/products/product_photo_retouching_instruc_202608131852-1-8ecd3734b37253647117866680887308-1024-1024.webp,https://www.msanchezycia.com.ar/productos/fibra-esponja-schez-hj9wt/,100,1
82219301,Fibra esponja SCHEZ,Productos,https://dcdn-us.mitiendanube.com/stores/001/405/077/products/product_photo_retouching_instruc_202608131852-b728df6e419cb9080f17866680885325-1024-1024.webp,https://www.msanchezycia.com.ar/productos/fibra-esponja-schez-hj9wt/,100,2
82219307,Fibra esponja Eco,Productos,https://dcdn-us.mitiendanube.com/stores/001/405/077/products/262-fibra-esponja-eco-262-469bed7153c3c3f64017866681426394-1024-1024.webp,https://www.msanchezycia.com.ar/productos/fibra-esponja-eco-1hvdx/,100,0
82219307,Fibra esponja Eco,Productos,https://dcdn-us.mitiendanube.com/stores/001/405/077/products/product_retouching_and_relightin_202608131853-1-5c8ce87d1f9385932717866681426106-1024-1024.webp,https://www.msanchezycia.com.ar/productos/fibra-esponja-eco-1hvdx/,100,1
82219307,Fibra esponja Eco,Productos,https://dcdn-us.mitiendanube.com/stores/001/405/077/products/product_retouching_and_relightin_202608131853-e6a3cc1e19c399c57f17866681426833-1024-1024.webp,https://www.msanchezycia.com.ar/productos/fibra-esponja-eco-1hvdx/,100,2
82219307,Fibra esponja Eco,Productos,https://dcdn-us.mitiendanube.com/stores/001/405/077/products/262-fibra-esponja-eco-262-1-3132b6234f1eaa406217866681429178-1024-1024.webp,https://www.msanchezycia.com.ar/productos/fibra-esponja-eco-1hvdx/,100,3
82219201,Lana acero rollito (x10) LIMPILANA,Productos,https://dcdn-us.mitiendanube.com/stores/001/405/077/products/263-lana-acero-rollito-x10-limpilana-263-01219475b03eb2264b17866682026922-1024-1024.webp,https://www.msanchezycia.com.ar/productos/lana-acero-rollito-x10-limpilana-146m3/,100,0
82219201,Lana acero rollito (x10) LIMPILANA,Productos,https://dcdn-us.mitiendanube.com/stores/001/405/077/products/product_retouching_and_relightin_202608131854-1ad22933f604e7088d17866682027371-1024-1024.webp,https://www.msanchezycia.com.ar/productos/lana-acero-rollito-x10-limpilana-146m3/,100,1
82219201,Lana acero rollito (x10) LIMPILANA,Productos,https://dcdn-us.mitiendanube.com/stores/001/405/077/products/263-lana-acero-rollito-x10-limpilana-263-1-4d671134b3c69bde9417866682027369-1024-1024.webp,https://www.msanchezycia.com.ar/productos/lana-acero-rollito-x10-limpilana-146m3/,100,2
80814001,Broche Mad,Productos,https://dcdn-us.mitiendanube.com/stores/001/405/077/products/photo_retouching_and_relighting__202608131854-c90aeb8b65b115d1c017866682286666-1024-1024.webp,https://www.msanchezycia.com.ar/productos/broche-mad-1fj7b/,100,0
80814001,Broche Mad,Productos,https://dcdn-us.mitiendanube.com/stores/001/405/077/products/264-broche-mad-13af2426fa30b4ef6917866682287030-1024-1024.webp,https://www.msanchezycia.com.ar/productos/broche-mad-1fj7b/,100,1
80814103,Broche Pl(Pack x1Doc)Gr,Productos,https://dcdn-us.mitiendanube.com/stores/001/405/077/products/product_retouching_and_relightin_202608131855-da4153fb48d439571d17866682524832-1024-1024.webp,https://www.msanchezycia.com.ar/productos/broche-plpack-x1docgr-1adn7/,100,0
80814103,Broche Pl(Pack x1Doc)Gr,Productos,https://dcdn-us.mitiendanube.com/stores/001/405/077/products/265-broche-plpack-x1docgr-885f871c08af2ce55817866682525219-1024-1024.webp,https://www.msanchezycia.com.ar/productos/broche-plpack-x1docgr-1adn7/,100,1
50916614,Cortina Baño Tauro,Productos,https://dcdn-us.mitiendanube.com/stores/001/405/077/products/photo_retouching_and_product_edi_202608131855-3463a85fcd713e387a17866682776131-1024-1024.webp,https://www.msanchezycia.com.ar/productos/cortina-bano-tauro-1wdro/,100,0
50916614,Cortina Baño Tauro,Productos,https://dcdn-us.mitiendanube.com/stores/001/405/077/products/product_photo_retouching_instruc_202608131855-5117c6fa729308705117866682776779-1024-1024.webp,https://www.msanchezycia.com.ar/productos/cortina-bano-tauro-1wdro/,100,1
50916614,Cortina Baño Tauro,Productos,https://dcdn-us.mitiendanube.com/stores/001/405/077/products/product_photo_retouching_instruc_202608131855-1-0e14b2736cfa974ac717866682776054-1024-1024.webp,https://www.msanchezycia.com.ar/productos/cortina-bano-tauro-1wdro/,100,2
50916622,Protec Cort Baño Esp,Productos,https://dcdn-us.mitiendanube.com/stores/001/405/077/products/photo_retouching_and_product_edi_202608131856-88970d8eff60dab12917866683048393-1024-1024.webp,https://www.msanchezycia.com.ar/productos/protec-cort-bano-esp-7du3f/,100,0
50916622,Protec Cort Baño Esp,Productos,https://dcdn-us.mitiendanube.com/stores/001/405/077/products/product_retouching_and_relightin_202608131856-4b9cf351733124b56917866683048164-1024-1024.webp,https://www.msanchezycia.com.ar/productos/protec-cort-bano-esp-7du3f/,100,1
51532006,Limpia WC c/deposito LG,Productos,https://dcdn-us.mitiendanube.com/stores/001/405/077/products/product_retouching_and_relightin_202608131857-23ea7e59e625a088af17866683405625-1024-1024.webp,https://www.msanchezycia.com.ar/productos/limpia-wc-c-deposito-lg-18s5g/,100,0
51532006,Limpia WC c/deposito LG,Productos,https://dcdn-us.mitiendanube.com/stores/001/405/077/products/photo_retouching_and_relighting__202608131857-8dba270861ccc9d51d17866683406722-1024-1024.webp,https://www.msanchezycia.com.ar/productos/limpia-wc-c-deposito-lg-18s5g/,100,1
51532005,Limpia WC con dep COLORES,Productos,https://dcdn-us.mitiendanube.com/stores/001/405/077/products/photo_retouching_and_relighting__202608131857-1-fbf906eeec6199eb0417866683801793-1024-1024.webp,https://www.msanchezycia.com.ar/productos/limpia-wc-con-dep-colores-mteb5/,100,0
51532005,Limpia WC con dep COLORES,Productos,https://dcdn-us.mitiendanube.com/stores/001/405/077/products/product_retouching_and_relightin_202608131857-72fdbaa0573d038c3b17866683800623-1024-1024.webp,https://www.msanchezycia.com.ar/productos/limpia-wc-con-dep-colores-mteb5/,100,1
51532014,Escob WC c/dep EXTRALIMP,Productos,https://dcdn-us.mitiendanube.com/stores/001/405/077/products/product_photo_retouching_instruc_202608131858-ac24fb07fbc2f0fd7117866684099655-1024-1024.webp,https://www.msanchezycia.com.ar/productos/escob-wc-c-dep-extralimp-m7dkp/,100,0
51532014,Escob WC c/dep EXTRALIMP,Productos,https://dcdn-us.mitiendanube.com/stores/001/405/077/products/photo_retouching_and_relighting__202608131858-b04d90f685360f4ffc17866684100952-1024-1024.webp,https://www.msanchezycia.com.ar/productos/escob-wc-c-dep-extralimp-m7dkp/,100,1
87023303,Pulveriz. 500 cm3 G Presion,Productos,https://dcdn-us.mitiendanube.com/stores/001/405/077/products/photo_retouching_and_relighting__202608131858-1-39c06f1a97cfd9ce5a17866684311850-1024-1024.webp,https://www.msanchezycia.com.ar/productos/pulveriz-500-cm3-g-presion-1ff4a/,100,0
87023304,Pulveriz. 1000 cm3 G Presion,Productos,https://dcdn-us.mitiendanube.com/stores/001/405/077/products/product_retouching_and_relightin_202608131858-679f898694215ef34717866684548459-1024-1024.webp,https://www.msanchezycia.com.ar/productos/pulveriz-1000-cm3-g-presion-169cp/,100,0
86410111,Pasacera S,Productos,https://dcdn-us.mitiendanube.com/stores/001/405/077/products/product_retouching_and_relightin_202608131858-1-a7d58c2073f4a2745e17866684760788-1024-1024.webp,https://www.msanchezycia.com.ar/productos/pasacera-s-xkwj4/,100,0
86410111,Pasacera S,Productos,https://dcdn-us.mitiendanube.com/stores/001/405/077/products/product_photo_retouching_instruc_202608131858-4c2b1c2d23d2030e8b17866684775095-1024-1024.webp,https://www.msanchezycia.com.ar/productos/pasacera-s-xkwj4/,100,1
86410111,Pasacera S,Productos,https://dcdn-us.mitiendanube.com/stores/001/405/077/products/photo_retouching_and_relighting__202608131859-c8f1252211547c3d0b17866684797379-1024-1024.webp,https://www.msanchezycia.com.ar/productos/pasacera-s-xkwj4/,100,2
86410111,Pasacera S,Productos,https://dcdn-us.mitiendanube.com/stores/001/405/077/products/product_photo_retouching_instruc_202608131859-dbc7613bed1fadd32f17866684815060-1024-1024.webp,https://www.msanchezycia.com.ar/productos/pasacera-s-xkwj4/,100,3
86428007,Pasacera Piragua,Productos,https://dcdn-us.mitiendanube.com/stores/001/405/077/products/product_photo_retouching_instruc_202608131859-1c14d7ee0207bc57e317866685014285-1024-1024.webp,https://www.msanchezycia.com.ar/productos/pasacera-piragua-1ydhv/,100,0
86428007,Pasacera Piragua,Productos,https://dcdn-us.mitiendanube.com/stores/001/405/077/products/product_retouching_and_relightin_202608131859-7f10203c00bd041dd417866685027772-1024-1024.webp,https://www.msanchezycia.com.ar/productos/pasacera-piragua-1ydhv/,100,1
86428007,Pasacera Piragua,Productos,https://dcdn-us.mitiendanube.com/stores/001/405/077/products/photo_retouching_and_product_edi_202608131859-e527ff0cc347d72f4e17866685055584-1024-1024.webp,https://www.msanchezycia.com.ar/productos/pasacera-piragua-1ydhv/,100,2
86428007,Pasacera Piragua,Productos,https://dcdn-us.mitiendanube.com/stores/001/405/077/products/product_retouching_and_relightin_202608131859-1-8fa7c12a9ce088766617866685068595-1024-1024.webp,https://www.msanchezycia.com.ar/productos/pasacera-piragua-1ydhv/,100,3
189021703,Rollo Pap Alum 5mt,Productos,https://dcdn-us.mitiendanube.com/stores/001/405/077/products/product_photo_retouching_instruc_202608131900-c2756a5f4c8c796d5d17866685330366-1024-1024.webp,https://www.msanchezycia.com.ar/productos/rollo-pap-alum-5mt-1nh60/,100,0
189021703,Rollo Pap Alum 5mt,Productos,https://dcdn-us.mitiendanube.com/stores/001/405/077/products/photo_retouching_and_relighting__202608131900-ecd0d92fdad41f834417866685340936-1024-1024.webp,https://www.msanchezycia.com.ar/productos/rollo-pap-alum-5mt-1nh60/,100,1
189021707,Rollo Film Adh PVC 20m,Productos,https://dcdn-us.mitiendanube.com/stores/001/405/077/products/photo_retouching_and_relighting__202608131900-1-d7f1dab50e1ce7fbbd17866685642277-1024-1024.webp,https://www.msanchezycia.com.ar/productos/rollo-film-adh-pvc-20m-15gsk/,100,0
189021707,Rollo Film Adh PVC 20m,Productos,https://dcdn-us.mitiendanube.com/stores/001/405/077/products/photo_retouching_and_relighting__202608131900-5506622de102e132bb17866685656335-1024-1024.webp,https://www.msanchezycia.com.ar/productos/rollo-film-adh-pvc-20m-15gsk/,100,1
86820001,Plumero lana,Productos,https://dcdn-us.mitiendanube.com/stores/001/405/077/products/product_retouching_and_relightin_202608131900-4f7f84d3bfc86f1f3d17866685950290-1024-1024.webp,https://www.msanchezycia.com.ar/productos/plumero-lana-e4923/,100,0
86820001,Plumero lana,Productos,https://dcdn-us.mitiendanube.com/stores/001/405/077/products/photo_retouching_and_relighting__202608131900-bd3aee2d9cb2a317bf17866685959309-1024-1024.webp,https://www.msanchezycia.com.ar/productos/plumero-lana-e4923/,100,1
86820005,Plumero Microfibra PL017,Productos,https://dcdn-us.mitiendanube.com/stores/001/405/077/products/photo_retouching_and_relighting__202608131901-33ec16b7e49748e59c17866686120634-1024-1024.webp,https://www.msanchezycia.com.ar/productos/plumero-microfibra-pl017-gtziq/,100,0
86820005,Plumero Microfibra PL017,Productos,https://dcdn-us.mitiendanube.com/stores/001/405/077/products/product_retouching_and_relightin_202608131901-171575eb04c04a77e917866686131110-1024-1024.webp,https://www.msanchezycia.com.ar/productos/plumero-microfibra-pl017-gtziq/,100,1
86820006,Plumero Microfibra Extensible PL018,Productos,https://dcdn-us.mitiendanube.com/stores/001/405/077/products/product_retouching_and_relightin_202608131901-1-6cedc71332a63ed90917866686299254-1024-1024.webp,https://www.msanchezycia.com.ar/productos/plumero-microfibra-extensible-pl018-yobk1/,100,0
86820006,Plumero Microfibra Extensible PL018,Productos,https://dcdn-us.mitiendanube.com/stores/001/405/077/products/product_photo_retouching_instruc_202608131901-26bd42498c57baec5a17866686320397-1024-1024.webp,https://www.msanchezycia.com.ar/productos/plumero-microfibra-extensible-pl018-yobk1/,100,1
86613002,Percha Metal Set x5 SUKA,Productos,https://dcdn-us.mitiendanube.com/stores/001/405/077/products/product_photo_retouching_instruc_202608131902-1-204eb485a2f4aebd4517866686556043-1024-1024.webp,https://www.msanchezycia.com.ar/productos/percha-metal-set-x5-suka-3xbvr/,100,0
86613002,Percha Metal Set x5 SUKA,Productos,https://dcdn-us.mitiendanube.com/stores/001/405/077/products/product_photo_retouching_instruc_202608131902-0c8dbfaba7f023bbcf17866686572587-1024-1024.webp,https://www.msanchezycia.com.ar/productos/percha-metal-set-x5-suka-3xbvr/,100,1
86613002,Percha Metal Set x5 SUKA,Productos,https://dcdn-us.mitiendanube.com/stores/001/405/077/products/product_retouching_and_relightin_202608131902-857baa3d41a92bfa8a17866686584505-1024-1024.webp,https://www.msanchezycia.com.ar/productos/percha-metal-set-x5-suka-3xbvr/,100,2
86613003,Percha Slim Anti x5 SUKA,Productos,https://dcdn-us.mitiendanube.com/stores/001/405/077/products/product_retouching_and_relightin_202608131902-1-dd0367b8366c9bf23617866686827093-1024-1024.webp,https://www.msanchezycia.com.ar/productos/percha-slim-anti-x5-suka-1kgfi/,100,0
86613003,Percha Slim Anti x5 SUKA,Productos,https://dcdn-us.mitiendanube.com/stores/001/405/077/products/product_photo_retouching_instruc_202608131902-884a5855c2e5875ccb17866686881590-1024-1024.webp,https://www.msanchezycia.com.ar/productos/percha-slim-anti-x5-suka-1kgfi/,100,1
86613003,Percha Slim Anti x5 SUKA,Productos,https://dcdn-us.mitiendanube.com/stores/001/405/077/products/product_photo_retouching_instruc_202608131902-1-27b1db909bc95f0bea17866686898085-1024-1024.webp,https://www.msanchezycia.com.ar/productos/percha-slim-anti-x5-suka-1kgfi/,100,2
86613101,Percha Madera x8 SUKA,Productos,https://dcdn-us.mitiendanube.com/stores/001/405/077/products/photo_retouching_and_relighting__202608131902-1e343118a1d0dfdb4b17866687053447-1024-1024.webp,https://www.msanchezycia.com.ar/productos/percha-madera-x8-suka-14xhi/,100,0
86613101,Percha Madera x8 SUKA,Productos,https://dcdn-us.mitiendanube.com/stores/001/405/077/products/product_photo_retouching_instruc_202608131903-b3a6810fda42c1c47117866687069173-1024-1024.webp,https://www.msanchezycia.com.ar/productos/percha-madera-x8-suka-14xhi/,100,1
86613101,Percha Madera x8 SUKA,Productos,https://dcdn-us.mitiendanube.com/stores/001/405/077/products/product_photo_retouching_instruc_202608131903-1-aa91ed148f394cf5ec17866687084430-1024-1024.webp,https://www.msanchezycia.com.ar/productos/percha-madera-x8-suka-14xhi/,100,2
80814201,Canasto p/Broches,Productos,https://dcdn-us.mitiendanube.com/stores/001/405/077/products/product_retouching_and_relightin_202608131903-251367cd21ec50ae3e17866687392686-1024-1024.webp,https://www.msanchezycia.com.ar/productos/canasto-p-broches-1k2ka/,100,0
80814201,Canasto p/Broches,Productos,https://dcdn-us.mitiendanube.com/stores/001/405/077/products/product_retouching_and_relightin_202608131903-1-3176bd65d99ababa3a17866687410684-1024-1024.webp,https://www.msanchezycia.com.ar/productos/canasto-p-broches-1k2ka/,100,1
80814201,Canasto p/Broches,Productos,https://dcdn-us.mitiendanube.com/stores/001/405/077/products/product_retouching_and_relightin_202608131903-2-e233b762343c6cd7f217866687426400-1024-1024.webp,https://www.msanchezycia.com.ar/productos/canasto-p-broches-1k2ka/,100,2
80814201,Canasto p/Broches,Productos,https://dcdn-us.mitiendanube.com/stores/001/405/077/products/product_retouching_and_relightin_202608131904-048280c6ab2ab9207c17866687446292-1024-1024.webp,https://www.msanchezycia.com.ar/productos/canasto-p-broches-1k2ka/,100,3
80814201,Canasto p/Broches,Productos,https://dcdn-us.mitiendanube.com/stores/001/405/077/products/photo_retouching_and_relighting__202608131903-3-0a80341ed92a62977f17866687462518-1024-1024.webp,https://www.msanchezycia.com.ar/productos/canasto-p-broches-1k2ka/,100,4
80814201,Canasto p/Broches,Productos,https://dcdn-us.mitiendanube.com/stores/001/405/077/products/photo_retouching_and_relighting__202608131903-2-b010c59d2e3b2de3e217866687473809-1024-1024.webp,https://www.msanchezycia.com.ar/productos/canasto-p-broches-1k2ka/,100,5
80814201,Canasto p/Broches,Productos,https://dcdn-us.mitiendanube.com/stores/001/405/077/products/photo_retouching_and_relighting__202608131903-1-96af9231646f852c3f17866687493097-1024-1024.webp,https://www.msanchezycia.com.ar/productos/canasto-p-broches-1k2ka/,100,6
80814201,Canasto p/Broches,Productos,https://dcdn-us.mitiendanube.com/stores/001/405/077/products/photo_retouching_and_relighting__202608131903-6dcf26e6664d6d215b17866687507287-1024-1024.webp,https://www.msanchezycia.com.ar/productos/canasto-p-broches-1k2ka/,100,7
86820104,Plumero techo mod Ital SCHEZ,Productos,https://dcdn-us.mitiendanube.com/stores/001/405/077/products/photo_retouching_and_relighting__202608131904-08db28574eb6d61fe817866687879368-1024-1024.webp,https://www.msanchezycia.com.ar/productos/plumero-techo-mod-ital-schez-1oik3/,100,0
86820104,Plumero techo mod Ital SCHEZ,Productos,https://dcdn-us.mitiendanube.com/stores/001/405/077/products/product_retouching_and_relightin_202608131904-b5d20a43701a54c82a17866687896477-1024-1024.webp,https://www.msanchezycia.com.ar/productos/plumero-techo-mod-ital-schez-1oik3/,100,1
184021207,Jarra Medidora,Productos,https://dcdn-us.mitiendanube.com/stores/001/405/077/products/photo_retouching_and_product_iso_202608131904-79214c82b1d118e21817866688070395-1024-1024.webp,https://www.msanchezycia.com.ar/productos/jarra-medidora-jr17p/,100,0
184021207,Jarra Medidora,Productos,https://dcdn-us.mitiendanube.com/stores/001/405/077/products/photo_retouching_and_relighting__202608131904-254f4f5e75fd631b5417866688086231-1024-1024.webp,https://www.msanchezycia.com.ar/productos/jarra-medidora-jr17p/,100,1
186521206,Vaso Medid 500cc,Productos,https://dcdn-us.mitiendanube.com/stores/001/405/077/products/photo_retouching_and_product_edi_202608131905-2e7270acb3f91dda7d17866688299114-1024-1024.webp,https://www.msanchezycia.com.ar/productos/vaso-medid-500cc-1qmj1/,100,0
186521206,Vaso Medid 500cc,Productos,https://dcdn-us.mitiendanube.com/stores/001/405/077/products/product_photo_retouching_instruc_202608131905-594b1d0b93c654246117866688315076-1024-1024.webp,https://www.msanchezycia.com.ar/productos/vaso-medid-500cc-1qmj1/,100,1
89029000,Comedero Mascotas Ch,Productos,https://dcdn-us.mitiendanube.com/stores/001/405/077/products/product_retouching_and_relightin_202608131905-1-97459a62be8e3dbae017866688809289-1024-1024.webp,https://www.msanchezycia.com.ar/productos/comedero-mascotas-ch-52qav/,100,0
89029000,Comedero Mascotas Ch,Productos,https://dcdn-us.mitiendanube.com/stores/001/405/077/products/product_retouching_and_relightin_202608131905-158da5e290aacd78af17866688809373-1024-1024.webp,https://www.msanchezycia.com.ar/productos/comedero-mascotas-ch-52qav/,100,1
89029000,Comedero Mascotas Ch,Productos,https://dcdn-us.mitiendanube.com/stores/001/405/077/products/photo_retouching_and_relighting__202608131905-302bf8ce9bd679815a17866688808677-1024-1024.webp,https://www.msanchezycia.com.ar/productos/comedero-mascotas-ch-52qav/,100,2
89029001,Comedero Mascotas Med,Productos,https://dcdn-us.mitiendanube.com/stores/001/405/077/products/product_retouching_and_relightin_202608131905-2-3bfb5a23052d2092b017866689025538-1024-1024.webp,https://www.msanchezycia.com.ar/productos/comedero-mascotas-med-111w9/,100,0
89029001,Comedero Mascotas Med,Productos,https://dcdn-us.mitiendanube.com/stores/001/405/077/products/product_retouching_and_relightin_202608131905-4133ab10bb848850ca17866689024806-1024-1024.webp,https://www.msanchezycia.com.ar/productos/comedero-mascotas-med-111w9/,100,1
89029001,Comedero Mascotas Med,Productos,https://dcdn-us.mitiendanube.com/stores/001/405/077/products/photo_retouching_and_relighting__202608131906-522a4fae679d59094617866689024809-1024-1024.webp,https://www.msanchezycia.com.ar/productos/comedero-mascotas-med-111w9/,100,2
89029002,Comedero Mascotas Gr,Productos,https://dcdn-us.mitiendanube.com/stores/001/405/077/products/product_retouching_and_relightin_202608131906-2-50cc1c54e0c945e6cc17866689185594-1024-1024.webp,https://www.msanchezycia.com.ar/productos/comedero-mascotas-gr-zt02i/,100,0
89029002,Comedero Mascotas Gr,Productos,https://dcdn-us.mitiendanube.com/stores/001/405/077/products/product_retouching_and_relightin_202608131906-1-39d0e48ef65120aaf717866689184054-1024-1024.webp,https://www.msanchezycia.com.ar/productos/comedero-mascotas-gr-zt02i/,100,1
89029002,Comedero Mascotas Gr,Productos,https://dcdn-us.mitiendanube.com/stores/001/405/077/products/product_retouching_and_relightin_202608131906-1a67dd5b5b84cc428f17866689184089-1024-1024.webp,https://www.msanchezycia.com.ar/productos/comedero-mascotas-gr-zt02i/,100,2
87023307,Pulveriz. Bomba 2 L,Productos,https://dcdn-us.mitiendanube.com/stores/001/405/077/products/product_retouching_and_relightin_202608131906-3-b37a9b9e3cfdf6b9ce17866689374797-1024-1024.webp,https://www.msanchezycia.com.ar/productos/pulveriz-bomba-2-l-11qcm/,100,0
87023307,Pulveriz. Bomba 2 L,Productos,https://dcdn-us.mitiendanube.com/stores/001/405/077/products/product_retouching_and_relightin_202608131906-1-33ccd52ad9f07fb08f17866689373704-1024-1024.webp,https://www.msanchezycia.com.ar/productos/pulveriz-bomba-2-l-11qcm/,100,1
87023307,Pulveriz. Bomba 2 L,Productos,https://dcdn-us.mitiendanube.com/stores/001/405/077/products/product_retouching_and_relightin_202608131906-af06af9c7b1a963daa17866689375015-1024-1024.webp,https://www.msanchezycia.com.ar/productos/pulveriz-bomba-2-l-11qcm/,100,2
87023316,Pulveriz. Bomba 3 L,Productos,https://dcdn-us.mitiendanube.com/stores/001/405/077/products/product_retouching_and_relightin_202608131906-1-29f7c7515c2b6ab8b617866691609199-1024-1024.webp,https://www.msanchezycia.com.ar/productos/pulveriz-bomba-3-l-eajt1/,100,0
87023316,Pulveriz. Bomba 3 L,Productos,https://dcdn-us.mitiendanube.com/stores/001/405/077/products/product_photo_retouching_instruc_202608131906-99de303e7f4b52226517866691594962-1024-1024.webp,https://www.msanchezycia.com.ar/productos/pulveriz-bomba-3-l-eajt1/,100,1
87023316,Pulveriz. Bomba 3 L,Productos,https://dcdn-us.mitiendanube.com/stores/001/405/077/products/f5a67cd1-3f6f-46e7-ae0a-8c9beaa1359c-a4c9e22d79351dfd3017866691559455-1024-1024.webp,https://www.msanchezycia.com.ar/productos/pulveriz-bomba-3-l-eajt1/,100,2
87023306,Pulveriz. 500 cm3 Eco,Productos,https://dcdn-us.mitiendanube.com/stores/001/405/077/products/product_retouching_and_relightin_202608131907-a53dccf3bb3c79fab117866691924187-1024-1024.webp,https://www.msanchezycia.com.ar/productos/pulveriz-500-cm3-eco-1ce67/,100,0
87023306,Pulveriz. 500 cm3 Eco,Productos,https://dcdn-us.mitiendanube.com/stores/001/405/077/products/product_photo_retouching_instruc_202608131906-1-33997a72cf1dcb5b4a17866691924164-1024-1024.webp,https://www.msanchezycia.com.ar/productos/pulveriz-500-cm3-eco-1ce67/,100,1
87023302,Pulveriz. 1000 cm3 Eco,Productos,https://dcdn-us.mitiendanube.com/stores/001/405/077/products/photo_retouching_and_product_iso_202608131908-14cad04b0d7b3e9ee717866692170949-1024-1024.webp,https://www.msanchezycia.com.ar/productos/pulveriz-1000-cm3-eco-11v6p/,100,0
87023302,Pulveriz. 1000 cm3 Eco,Productos,https://dcdn-us.mitiendanube.com/stores/001/405/077/products/product_retouching_and_relightin_202608131908-a79ed5145179d01dbd17866692172747-1024-1024.webp,https://www.msanchezycia.com.ar/productos/pulveriz-1000-cm3-eco-11v6p/,100,1
51016305,Cepillo Uñas C/Mango,Productos,https://dcdn-us.mitiendanube.com/stores/001/405/077/products/photo_retouching_and_relighting__202608131908-2643de4ecc8e4a060717866692538172-1024-1024.webp,https://www.msanchezycia.com.ar/productos/cepillo-unas-c-mango-1eilo/,100,0
51016305,Cepillo Uñas C/Mango,Productos,https://dcdn-us.mitiendanube.com/stores/001/405/077/products/photo_retouching_and_relighting__202608131909-a0deaaa4c9bc322e5317866692555600-1024-1024.webp,https://www.msanchezycia.com.ar/productos/cepillo-unas-c-mango-1eilo/,100,1
51016305,Cepillo Uñas C/Mango,Productos,https://dcdn-us.mitiendanube.com/stores/001/405/077/products/product_retouching_and_relightin_202608131908-c91f949edee2a853da17866692576580-1024-1024.webp,https://www.msanchezycia.com.ar/productos/cepillo-unas-c-mango-1eilo/,100,2
51016305,Cepillo Uñas C/Mango,Productos,https://dcdn-us.mitiendanube.com/stores/001/405/077/products/product_retouching_and_relightin_202608131909-ea2386b580988f94ca17866692603368-1024-1024.webp,https://www.msanchezycia.com.ar/productos/cepillo-unas-c-mango-1eilo/,100,3
51016305,Cepillo Uñas C/Mango,Productos,https://dcdn-us.mitiendanube.com/stores/001/405/077/products/photo_retouching_and_relighting__202608131909-1-aa0faf0e4347f3009917866692628819-1024-1024.webp,https://www.msanchezycia.com.ar/productos/cepillo-unas-c-mango-1eilo/,100,4
51016305,Cepillo Uñas C/Mango,Productos,https://dcdn-us.mitiendanube.com/stores/001/405/077/products/product_retouching_and_relightin_202608131909-1-0ac248d345d0c57efc17866692644337-1024-1024.webp,https://www.msanchezycia.com.ar/productos/cepillo-unas-c-mango-1eilo/,100,5
51016305,Cepillo Uñas C/Mango,Productos,https://dcdn-us.mitiendanube.com/stores/001/405/077/products/product_photo_retouching_instruc_202608131909-bf90be320993ea02a017866692775074-1024-1024.webp,https://www.msanchezycia.com.ar/productos/cepillo-unas-c-mango-1eilo/,100,6
51016305,Cepillo Uñas C/Mango,Productos,https://dcdn-us.mitiendanube.com/stores/001/405/077/products/product_photo_retouching_instruc_202608131909-1-5c8cb376287bb6147317866692784052-1024-1024.webp,https://www.msanchezycia.com.ar/productos/cepillo-unas-c-mango-1eilo/,100,7
51532004,Limpia WC Bochita SCHEZ,Productos,https://dcdn-us.mitiendanube.com/stores/001/405/077/products/product_retouching_and_relightin_202608131909-0140fa22e9a32ed41e17866693044539-1024-1024.webp,https://www.msanchezycia.com.ar/productos/limpia-wc-bochita-schez-ma8pf/,100,0
51532004,Limpia WC Bochita SCHEZ,Productos,https://dcdn-us.mitiendanube.com/stores/001/405/077/products/photo_retouching_and_relighting__202608131910-72a85ab4c515f0a9df17866693043722-1024-1024.webp,https://www.msanchezycia.com.ar/productos/limpia-wc-bochita-schez-ma8pf/,100,1
345010701,Skip x 10 Kg,Productos,https://dcdn-us.mitiendanube.com/stores/001/405/077/products/879c2491-17cf-4baf-965b-7a2f0201de73-5ae4b358df29d74d9917866693932227-1024-1024.webp,https://www.msanchezycia.com.ar/productos/skip-x-10-kg-14cxn/,100,0
345010706,Alamatic Bolsa x 10 Kg,Productos,https://dcdn-us.mitiendanube.com/stores/001/405/077/products/dfc9af40-a5fe-4e50-a22e-200552361a14-a8636a45d984f0e51417866693688940-1024-1024.webp,https://www.msanchezycia.com.ar/productos/alamatic-bolsa-x-10-kg-ovrps/,100,0
345010712,Granby x 10 Kg,Productos,https://dcdn-us.mitiendanube.com/stores/001/405/077/products/76bf6aac-540a-4c8c-91d5-11bece9924b8-4b69ed14a936a40fcf17866694316586-1024-1024.webp,https://www.msanchezycia.com.ar/productos/granby-x-10-kg-1el1l/,100,0
345010712,Granby x 10 Kg,Productos,https://dcdn-us.mitiendanube.com/stores/001/405/077/products/0169ea6b-261f-441f-ab2a-962f8c54cfd4-546a4613c1dd6fbddd17866694405356-1024-1024.webp,https://www.msanchezycia.com.ar/productos/granby-x-10-kg-1el1l/,100,1
200110817,Aromat e/Varill SAPHIRUS,Productos,https://dcdn-us.mitiendanube.com/stores/001/405/077/products/photo_retouching_and_relighting__202608131917-a7c7531c45f13d72ba17866694918781-1024-1024.webp,https://www.msanchezycia.com.ar/productos/aromat-e-varill-saphirus-1pkeh/,100,0
200110817,Aromat e/Varill SAPHIRUS,Productos,https://dcdn-us.mitiendanube.com/stores/001/405/077/products/product_photo_retouching_instruc_202608131918-8be5ccf26d0067611417866694919314-1024-1024.webp,https://www.msanchezycia.com.ar/productos/aromat-e-varill-saphirus-1pkeh/,100,1
200110817,Aromat e/Varill SAPHIRUS,Productos,https://dcdn-us.mitiendanube.com/stores/001/405/077/products/product_retouching_and_relightin_202608131919-5-9caddf7b4994a03f8c17866694914890-1024-1024.webp,https://www.msanchezycia.com.ar/productos/aromat-e-varill-saphirus-1pkeh/,100,2
200110817,Aromat e/Varill SAPHIRUS,Productos,https://dcdn-us.mitiendanube.com/stores/001/405/077/products/product_retouching_and_relightin_202608131919-6-7b7aa7b33f1f75596b17866694913232-1024-1024.webp,https://www.msanchezycia.com.ar/productos/aromat-e-varill-saphirus-1pkeh/,100,3
200110817,Aromat e/Varill SAPHIRUS,Productos,https://dcdn-us.mitiendanube.com/stores/001/405/077/products/product_retouching_and_relightin_202608131919-7-5c949814784172052d17866694919480-1024-1024.webp,https://www.msanchezycia.com.ar/productos/aromat-e-varill-saphirus-1pkeh/,100,4
200110817,Aromat e/Varill SAPHIRUS,Productos,https://dcdn-us.mitiendanube.com/stores/001/405/077/products/product_photo_retouching_instruc_202608131919-1-28608852481eb2bb5917866694917557-1024-1024.webp,https://www.msanchezycia.com.ar/productos/aromat-e-varill-saphirus-1pkeh/,100,5
200110817,Aromat e/Varill SAPHIRUS,Productos,https://dcdn-us.mitiendanube.com/stores/001/405/077/products/product_retouching_and_relightin_202608131919-3-06559da3a8dbcb3de817866694913132-1024-1024.webp,https://www.msanchezycia.com.ar/productos/aromat-e-varill-saphirus-1pkeh/,100,6
200110817,Aromat e/Varill SAPHIRUS,Productos,https://dcdn-us.mitiendanube.com/stores/001/405/077/products/product_retouching_and_relightin_202608131919-4-183476c79718869b8717866694919706-1024-1024.webp,https://www.msanchezycia.com.ar/productos/aromat-e-varill-saphirus-1pkeh/,100,7
200110817,Aromat e/Varill SAPHIRUS,Productos,https://dcdn-us.mitiendanube.com/stores/001/405/077/products/product_retouching_and_relightin_202608131918-6-dbd982788f1694bb3d17866694919092-1024-1024.webp,https://www.msanchezycia.com.ar/productos/aromat-e-varill-saphirus-1pkeh/,100,8
200110817,Aromat e/Varill SAPHIRUS,Productos,https://dcdn-us.mitiendanube.com/stores/001/405/077/products/photo_retouching_and_relighting__202608131918-2-663aab0c2363c918eb17866694917758-1024-1024.webp,https://www.msanchezycia.com.ar/productos/aromat-e-varill-saphirus-1pkeh/,100,9
200110817,Aromat e/Varill SAPHIRUS,Productos,https://dcdn-us.mitiendanube.com/stores/001/405/077/products/product_retouching_and_relightin_202608131918-7-48578e20910a8e26fb17866694919639-1024-1024.webp,https://www.msanchezycia.com.ar/productos/aromat-e-varill-saphirus-1pkeh/,100,10
200110817,Aromat e/Varill SAPHIRUS,Productos,https://dcdn-us.mitiendanube.com/stores/001/405/077/products/photo_retouching_and_relighting__202608131918-3-1747a960d17a0eb5f017866694917373-1024-1024.webp,https://www.msanchezycia.com.ar/productos/aromat-e-varill-saphirus-1pkeh/,100,11
200110817,Aromat e/Varill SAPHIRUS,Productos,https://dcdn-us.mitiendanube.com/stores/001/405/077/products/product_photo_retouching_instruc_202608131919-921612cd8bc564a42517866694917419-1024-1024.webp,https://www.msanchezycia.com.ar/productos/aromat-e-varill-saphirus-1pkeh/,100,12
200110817,Aromat e/Varill SAPHIRUS,Productos,https://dcdn-us.mitiendanube.com/stores/001/405/077/products/product_retouching_and_relightin_202608131919-1c891a60f9a854db1e17866694919021-1024-1024.webp,https://www.msanchezycia.com.ar/productos/aromat-e-varill-saphirus-1pkeh/,100,13
200110817,Aromat e/Varill SAPHIRUS,Productos,https://dcdn-us.mitiendanube.com/stores/001/405/077/products/product_photo_retouching_instruc_202608131918-2-42ddc27a18c1b9442317866694917456-1024-1024.webp,https://www.msanchezycia.com.ar/productos/aromat-e-varill-saphirus-1pkeh/,100,14
200110817,Aromat e/Varill SAPHIRUS,Productos,https://dcdn-us.mitiendanube.com/stores/001/405/077/products/product_retouching_and_relightin_202608131918-4-cfa3284c6b02b9dfb117866694919336-1024-1024.webp,https://www.msanchezycia.com.ar/productos/aromat-e-varill-saphirus-1pkeh/,100,15
200110817,Aromat e/Varill SAPHIRUS,Productos,https://dcdn-us.mitiendanube.com/stores/001/405/077/products/product_retouching_and_relightin_202608131918-5-0b9a48b348800e889a17866694919758-1024-1024.webp,https://www.msanchezycia.com.ar/productos/aromat-e-varill-saphirus-1pkeh/,100,16
200110817,Aromat e/Varill SAPHIRUS,Productos,https://dcdn-us.mitiendanube.com/stores/001/405/077/products/product_retouching_and_relightin_202608131918-b5bd5d5d9c4fd35d7217866694919351-1024-1024.webp,https://www.msanchezycia.com.ar/productos/aromat-e-varill-saphirus-1pkeh/,100,17
200110817,Aromat e/Varill SAPHIRUS,Productos,https://dcdn-us.mitiendanube.com/stores/001/405/077/products/product_retouching_and_relightin_202608131918-1-4154b58dbff893760c17866694913976-1024-1024.webp,https://www.msanchezycia.com.ar/productos/aromat-e-varill-saphirus-1pkeh/,100,18
200110817,Aromat e/Varill SAPHIRUS,Productos,https://dcdn-us.mitiendanube.com/stores/001/405/077/products/product_photo_retouching_instruc_202608131918-1-ee0f74bff3765a8ad617866694919555-1024-1024.webp,https://www.msanchezycia.com.ar/productos/aromat-e-varill-saphirus-1pkeh/,100,19
200110817,Aromat e/Varill SAPHIRUS,Productos,https://dcdn-us.mitiendanube.com/stores/001/405/077/products/product_photo_retouching_instruc_202608131917-a473224a08e9a73e7217866694915799-1024-1024.webp,https://www.msanchezycia.com.ar/productos/aromat-e-varill-saphirus-1pkeh/,100,20
200110817,Aromat e/Varill SAPHIRUS,Productos,https://dcdn-us.mitiendanube.com/stores/001/405/077/products/photo_retouching_and_relighting__202608131917-1-189b03fffe499c7b4317866694918779-1024-1024.webp,https://www.msanchezycia.com.ar/productos/aromat-e-varill-saphirus-1pkeh/,100,21
200110817,Aromat e/Varill SAPHIRUS,Productos,https://dcdn-us.mitiendanube.com/stores/001/405/077/products/photo_retouching_and_relighting__202608131918-9c63b4d2df83762df117866694919849-1024-1024.webp,https://www.msanchezycia.com.ar/productos/aromat-e-varill-saphirus-1pkeh/,100,22
200110817,Aromat e/Varill SAPHIRUS,Productos,https://dcdn-us.mitiendanube.com/stores/001/405/077/products/product_retouching_and_relightin_202608131918-2-236321221a10dd3cb017866694915974-1024-1024.webp,https://www.msanchezycia.com.ar/productos/aromat-e-varill-saphirus-1pkeh/,100,23
200110817,Aromat e/Varill SAPHIRUS,Productos,https://dcdn-us.mitiendanube.com/stores/001/405/077/products/product_retouching_and_relightin_202608131918-3-8d96da5e87b873350d17866694914715-1024-1024.webp,https://www.msanchezycia.com.ar/productos/aromat-e-varill-saphirus-1pkeh/,100,24
200110817,Aromat e/Varill SAPHIRUS,Productos,https://dcdn-us.mitiendanube.com/stores/001/405/077/products/photo_retouching_and_relighting__202608131918-1-2640b910ed0902d04f17866694919499-1024-1024.webp,https://www.msanchezycia.com.ar/productos/aromat-e-varill-saphirus-1pkeh/,100,25
200110817,Aromat e/Varill SAPHIRUS,Productos,https://dcdn-us.mitiendanube.com/stores/001/405/077/products/product_retouching_and_relightin_202608131919-1-f3b8c0d7f96d01cb9d17866694913432-1024-1024.webp,https://www.msanchezycia.com.ar/productos/aromat-e-varill-saphirus-1pkeh/,100,26
200110817,Aromat e/Varill SAPHIRUS,Productos,https://dcdn-us.mitiendanube.com/stores/001/405/077/products/product_retouching_and_relightin_202608131919-2-e6c1f6a2ff836aae6b17866694919524-1024-1024.webp,https://www.msanchezycia.com.ar/productos/aromat-e-varill-saphirus-1pkeh/,100,27
200110817,Aromat e/Varill SAPHIRUS,Productos,https://dcdn-us.mitiendanube.com/stores/001/405/077/products/photo_retouching_and_product_edi_202608131919-70d5092e928e6fb70a17866694919177-1024-1024.webp,https://www.msanchezycia.com.ar/productos/aromat-e-varill-saphirus-1pkeh/,100,28
200110819,Rep Dosificador SAPHIRUS,Productos,https://dcdn-us.mitiendanube.com/stores/001/405/077/products/product_retouching_and_relightin_202608131923-6-2964f5e265c87ae4a217866697458203-1024-1024.webp,https://www.msanchezycia.com.ar/productos/rep-dosificador-saphirus-bqkao/,100,0
200110819,Rep Dosificador SAPHIRUS,Productos,https://dcdn-us.mitiendanube.com/stores/001/405/077/products/product_retouching_and_relightin_202608131924-63b2789dbaeada7f4f17866697457052-1024-1024.webp,https://www.msanchezycia.com.ar/productos/rep-dosificador-saphirus-bqkao/,100,1
200110819,Rep Dosificador SAPHIRUS,Productos,https://dcdn-us.mitiendanube.com/stores/001/405/077/products/product_retouching_and_relightin_202608131923-4-c06a7e398fb6f434d617866697454867-1024-1024.webp,https://www.msanchezycia.com.ar/productos/rep-dosificador-saphirus-bqkao/,100,2
200110819,Rep Dosificador SAPHIRUS,Productos,https://dcdn-us.mitiendanube.com/stores/001/405/077/products/product_retouching_and_relightin_202608131923-5-d4eeed25e372f57ccd17866697456440-1024-1024.webp,https://www.msanchezycia.com.ar/productos/rep-dosificador-saphirus-bqkao/,100,3
200110819,Rep Dosificador SAPHIRUS,Productos,https://dcdn-us.mitiendanube.com/stores/001/405/077/products/photo_retouching_and_relighting__202608131925-079c400adfa84f288917866697457099-1024-1024.webp,https://www.msanchezycia.com.ar/productos/rep-dosificador-saphirus-bqkao/,100,4
200110819,Rep Dosificador SAPHIRUS,Productos,https://dcdn-us.mitiendanube.com/stores/001/405/077/products/product_retouching_and_relightin_202608131924-1-cfdaf807d7bb363ce517866697453944-1024-1024.webp,https://www.msanchezycia.com.ar/productos/rep-dosificador-saphirus-bqkao/,100,5
200110819,Rep Dosificador SAPHIRUS,Productos,https://dcdn-us.mitiendanube.com/stores/001/405/077/products/product_photo_retouching_instruc_202608131923-2df5eee4ff8471f55817866697456555-1024-1024.webp,https://www.msanchezycia.com.ar/productos/rep-dosificador-saphirus-bqkao/,100,6
200110819,Rep Dosificador SAPHIRUS,Productos,https://dcdn-us.mitiendanube.com/stores/001/405/077/products/product_retouching_and_relightin_202608131923-3-8f82a2834cc58e535017866697453631-1024-1024.webp,https://www.msanchezycia.com.ar/productos/rep-dosificador-saphirus-bqkao/,100,7
200110819,Rep Dosificador SAPHIRUS,Productos,https://dcdn-us.mitiendanube.com/stores/001/405/077/products/photo_retouching_and_product_edi_202608131923-f5230a89a15fed3c6317866697457912-1024-1024.webp,https://www.msanchezycia.com.ar/productos/rep-dosificador-saphirus-bqkao/,100,8
200110819,Rep Dosificador SAPHIRUS,Productos,https://dcdn-us.mitiendanube.com/stores/001/405/077/products/product_retouching_and_relightin_202608131923-2-2c7fc4098ab45fbd1a17866697458590-1024-1024.webp,https://www.msanchezycia.com.ar/productos/rep-dosificador-saphirus-bqkao/,100,9
200110819,Rep Dosificador SAPHIRUS,Productos,https://dcdn-us.mitiendanube.com/stores/001/405/077/products/photo_retouching_and_relighting__202608131923-1-b0fbf164463116f10017866697457795-1024-1024.webp,https://www.msanchezycia.com.ar/productos/rep-dosificador-saphirus-bqkao/,100,10
200110819,Rep Dosificador SAPHIRUS,Productos,https://dcdn-us.mitiendanube.com/stores/001/405/077/products/product_retouching_and_relightin_202608131923-1-1c806480b0daa4bad417866697458791-1024-1024.webp,https://www.msanchezycia.com.ar/productos/rep-dosificador-saphirus-bqkao/,100,11
200110819,Rep Dosificador SAPHIRUS,Productos,https://dcdn-us.mitiendanube.com/stores/001/405/077/products/product_retouching_and_relightin_202608131923-8f3a2d22f730968a6617866697457670-1024-1024.webp,https://www.msanchezycia.com.ar/productos/rep-dosificador-saphirus-bqkao/,100,12
200110819,Rep Dosificador SAPHIRUS,Productos,https://dcdn-us.mitiendanube.com/stores/001/405/077/products/photo_retouching_and_relighting__202608131923-2824528263571e0f0f17866697457858-1024-1024.webp,https://www.msanchezycia.com.ar/productos/rep-dosificador-saphirus-bqkao/,100,13
200110819,Rep Dosificador SAPHIRUS,Productos,https://dcdn-us.mitiendanube.com/stores/001/405/077/products/photo_retouching_and_relighting__202608131920-e62a382ed74ff81d0617866697458549-1024-1024.webp,https://www.msanchezycia.com.ar/productos/rep-dosificador-saphirus-bqkao/,100,14
200110819,Rep Dosificador SAPHIRUS,Productos,https://dcdn-us.mitiendanube.com/stores/001/405/077/products/product_retouching_and_relightin_202608131921-3e2452484f281de12517866697457830-1024-1024.webp,https://www.msanchezycia.com.ar/productos/rep-dosificador-saphirus-bqkao/,100,15
200110819,Rep Dosificador SAPHIRUS,Productos,https://dcdn-us.mitiendanube.com/stores/001/405/077/products/photo_retouching_and_relighting__202608131923-4-a0a148002a7f9ed02717866697456898-1024-1024.webp,https://www.msanchezycia.com.ar/productos/rep-dosificador-saphirus-bqkao/,100,16
200110819,Rep Dosificador SAPHIRUS,Productos,https://dcdn-us.mitiendanube.com/stores/001/405/077/products/photo_retouching_and_product_edi_202608131923-1-5fee68c900f37daa0617866697458611-1024-1024.webp,https://www.msanchezycia.com.ar/productos/rep-dosificador-saphirus-bqkao/,100,17
200110819,Rep Dosificador SAPHIRUS,Productos,https://dcdn-us.mitiendanube.com/stores/001/405/077/products/photo_retouching_and_relighting__202608131923-2-7dd1d2ff2a16ddd09517866697458225-1024-1024.webp,https://www.msanchezycia.com.ar/productos/rep-dosificador-saphirus-bqkao/,100,18
200110819,Rep Dosificador SAPHIRUS,Productos,https://dcdn-us.mitiendanube.com/stores/001/405/077/products/photo_retouching_and_relighting__202608131923-3-8c89f1da504bbf9c4b17866697457303-1024-1024.webp,https://www.msanchezycia.com.ar/productos/rep-dosificador-saphirus-bqkao/,100,19
200113074,Aromat Textil 250c SAPHI,Productos,https://dcdn-us.mitiendanube.com/stores/001/405/077/products/product_retouching_and_relightin_202608131927-1-c789b64262712dba6217866698220072-1024-1024.webp,https://www.msanchezycia.com.ar/productos/aromat-textil-250c-saphi-hdupo/,100,0
200113074,Aromat Textil 250c SAPHI,Productos,https://dcdn-us.mitiendanube.com/stores/001/405/077/products/product_retouching_and_relightin_202608131927-0c2eacd54276899d4e17866698221565-1024-1024.webp,https://www.msanchezycia.com.ar/productos/aromat-textil-250c-saphi-hdupo/,100,1
200113074,Aromat Textil 250c SAPHI,Productos,https://dcdn-us.mitiendanube.com/stores/001/405/077/products/product_retouching_and_relightin_202608131926-e998b9343bbaacc0e117866698222293-1024-1024.webp,https://www.msanchezycia.com.ar/productos/aromat-textil-250c-saphi-hdupo/,100,2
200113074,Aromat Textil 250c SAPHI,Productos,https://dcdn-us.mitiendanube.com/stores/001/405/077/products/product_photo_retouching_instruc_202608131926-a28ceede67144399d417866698223859-1024-1024.webp,https://www.msanchezycia.com.ar/productos/aromat-textil-250c-saphi-hdupo/,100,3
200113074,Aromat Textil 250c SAPHI,Productos,https://dcdn-us.mitiendanube.com/stores/001/405/077/products/photo_retouching_and_relighting__202608131927-1-4e7f73b7a3ec7f3bde17866698221017-1024-1024.webp,https://www.msanchezycia.com.ar/productos/aromat-textil-250c-saphi-hdupo/,100,4
200113074,Aromat Textil 250c SAPHI,Productos,https://dcdn-us.mitiendanube.com/stores/001/405/077/products/photo_retouching_and_relighting__202608131927-8fa8ca5fd60aa299f217866698223057-1024-1024.webp,https://www.msanchezycia.com.ar/productos/aromat-textil-250c-saphi-hdupo/,100,5
200113074,Aromat Textil 250c SAPHI,Productos,https://dcdn-us.mitiendanube.com/stores/001/405/077/products/photo_retouching_and_relighting__202608131926-2-2f9452e17d9606705b17866698221698-1024-1024.webp,https://www.msanchezycia.com.ar/productos/aromat-textil-250c-saphi-hdupo/,100,6
200113074,Aromat Textil 250c SAPHI,Productos,https://dcdn-us.mitiendanube.com/stores/001/405/077/products/photo_retouching_and_relighting__202608131926-1-8ce7a8a978992440ee17866698223401-1024-1024.webp,https://www.msanchezycia.com.ar/productos/aromat-textil-250c-saphi-hdupo/,100,7
200113074,Aromat Textil 250c SAPHI,Productos,https://dcdn-us.mitiendanube.com/stores/001/405/077/products/photo_retouching_and_relighting__202608131926-f5de13f467ab32d4b317866698224093-1024-1024.webp,https://www.msanchezycia.com.ar/productos/aromat-textil-250c-saphi-hdupo/,100,8
200113074,Aromat Textil 250c SAPHI,Productos,https://dcdn-us.mitiendanube.com/stores/001/405/077/products/photo_retouching_and_relighting__202608131923-86b596ae377be4f45017866698221058-1024-1024.webp,https://www.msanchezycia.com.ar/productos/aromat-textil-250c-saphi-hdupo/,100,9
100563203,"Cab Chapa 1,50 Mts Color",Productos,https://dcdn-us.mitiendanube.com/stores/001/405/077/products/product_retouching_and_relightin_202608131929-2-110ab70e8828ee40a917866698442569-1024-1024.webp,https://www.msanchezycia.com.ar/productos/cab-chapa-150-mts-color-1bv81/,100,0
100563203,"Cab Chapa 1,50 Mts Color",Productos,https://dcdn-us.mitiendanube.com/stores/001/405/077/products/product_retouching_and_relightin_202608131929-3-36d7030722f1e386d917866698446988-1024-1024.webp,https://www.msanchezycia.com.ar/productos/cab-chapa-150-mts-color-1bv81/,100,1
100563203,"Cab Chapa 1,50 Mts Color",Productos,https://dcdn-us.mitiendanube.com/stores/001/405/077/products/photo_retouching_and_relighting__202608131929-fbb80b377e3b59298617866698442945-1024-1024.webp,https://www.msanchezycia.com.ar/productos/cab-chapa-150-mts-color-1bv81/,100,2
100563203,"Cab Chapa 1,50 Mts Color",Productos,https://dcdn-us.mitiendanube.com/stores/001/405/077/products/photo_retouching_and_product_edi_202608131929-e737ce0a673851391b17866698444936-1024-1024.webp,https://www.msanchezycia.com.ar/productos/cab-chapa-150-mts-color-1bv81/,100,3
100563203,"Cab Chapa 1,50 Mts Color",Productos,https://dcdn-us.mitiendanube.com/stores/001/405/077/products/product_retouching_and_relightin_202608131929-992055b510380c171e17866698443921-1024-1024.webp,https://www.msanchezycia.com.ar/productos/cab-chapa-150-mts-color-1bv81/,100,4
100563203,"Cab Chapa 1,50 Mts Color",Productos,https://dcdn-us.mitiendanube.com/stores/001/405/077/products/product_retouching_and_relightin_202608131929-1-ffb48bbc32522901be17866698442854-1024-1024.webp,https://www.msanchezycia.com.ar/productos/cab-chapa-150-mts-color-1bv81/,100,5
100563203,"Cab Chapa 1,50 Mts Color",Productos,https://dcdn-us.mitiendanube.com/stores/001/405/077/products/photo_retouching_and_relighting__202608131928-f9abe9221dc37e7eef17866698443879-1024-1024.webp,https://www.msanchezycia.com.ar/productos/cab-chapa-150-mts-color-1bv81/,100,6
100563203,"Cab Chapa 1,50 Mts Color",Productos,https://dcdn-us.mitiendanube.com/stores/001/405/077/products/product_retouching_and_relightin_202608131928-453455e2f6f41d07e317866698446945-1024-1024.webp,https://www.msanchezycia.com.ar/productos/cab-chapa-150-mts-color-1bv81/,100,7
100563203,"Cab Chapa 1,50 Mts Color",Productos,https://dcdn-us.mitiendanube.com/stores/001/405/077/products/product_retouching_and_relightin_202608131928-1-349d74757efe1b7ad517866698443382-1024-1024.webp,https://www.msanchezycia.com.ar/productos/cab-chapa-150-mts-color-1bv81/,100,8
100563203,"Cab Chapa 1,50 Mts Color",Productos,https://dcdn-us.mitiendanube.com/stores/001/405/077/products/photo_retouching_and_relighting__202608131928-1-dcf572e5779c1d701517866698443361-1024-1024.webp,https://www.msanchezycia.com.ar/productos/cab-chapa-150-mts-color-1bv81/,100,9
100563203,"Cab Chapa 1,50 Mts Color",Productos,https://dcdn-us.mitiendanube.com/stores/001/405/077/products/product_photo_retouching_instruc_202608131928-fda360a597447ec63c17866698443151-1024-1024.webp,https://www.msanchezycia.com.ar/productos/cab-chapa-150-mts-color-1bv81/,100,10
100563203,"Cab Chapa 1,50 Mts Color",Productos,https://dcdn-us.mitiendanube.com/stores/001/405/077/products/product_retouching_and_relightin_202608131928-2-08f6cb6876f5a1550017866698443293-1024-1024.webp,https://www.msanchezycia.com.ar/productos/cab-chapa-150-mts-color-1bv81/,100,11
102064404,"Cabo Ext 1,5 Mts Glick",Productos,https://dcdn-us.mitiendanube.com/stores/001/405/077/products/photo_retouching_and_relighting__202608131929-1-983f1386263491777e17866699188753-1024-1024.webp,https://www.msanchezycia.com.ar/productos/cabo-ext-15-mts-glick-yk7ji/,100,0
102064405,"Cabo Ext 2,0 Mts Glick",Productos,https://dcdn-us.mitiendanube.com/stores/001/405/077/products/product_retouching_and_relightin_202608131929-173f2747835d7beda817866699334315-1024-1024.webp,https://www.msanchezycia.com.ar/productos/cabo-ext-20-mts-glick-1hnoo/,100,0
102064406,"Cabo Ext 3,0 Mts Glick",Productos,https://dcdn-us.mitiendanube.com/stores/001/405/077/products/product_photo_retouching_instruc_202608131932-9e5639fc166f5d613917866699492760-1024-1024.webp,https://www.msanchezycia.com.ar/productos/cabo-ext-30-mts-glick-1x1ps/,100,0
702054051,Canasto Ropa Red COLORES,Productos,https://dcdn-us.mitiendanube.com/stores/001/405/077/products/product_retouching_and_relightin_202608131932-69a1cc1e18743251d417866699690684-1024-1024.webp,https://www.msanchezycia.com.ar/productos/canasto-ropa-red-colores-11hzw/,100,0
702054051,Canasto Ropa Red COLORES,Productos,https://dcdn-us.mitiendanube.com/stores/001/405/077/products/photo_retouching_and_relighting__202608131932-dd3dcb2020b679b2c817866699690396-1024-1024.webp,https://www.msanchezycia.com.ar/productos/canasto-ropa-red-colores-11hzw/,100,1
702054051,Canasto Ropa Red COLORES,Productos,https://dcdn-us.mitiendanube.com/stores/001/405/077/products/product_retouching_and_relightin_202608131932-1-d6ce191ba61a4007b917866699692213-1024-1024.webp,https://www.msanchezycia.com.ar/productos/canasto-ropa-red-colores-11hzw/,100,2
702054051,Canasto Ropa Red COLORES,Productos,https://dcdn-us.mitiendanube.com/stores/001/405/077/products/photo_retouching_and_relighting__202608131933-2-717a67a8d737c271cd17866699693104-1024-1024.webp,https://www.msanchezycia.com.ar/productos/canasto-ropa-red-colores-11hzw/,100,3
702054051,Canasto Ropa Red COLORES,Productos,https://dcdn-us.mitiendanube.com/stores/001/405/077/products/product_photo_retouching_instruc_202608131933-1-75254eaba834f2167117866699689785-1024-1024.webp,https://www.msanchezycia.com.ar/productos/canasto-ropa-red-colores-11hzw/,100,4
702054051,Canasto Ropa Red COLORES,Productos,https://dcdn-us.mitiendanube.com/stores/001/405/077/products/photo_retouching_and_relighting__202608131933-3-15748e20dcf59c999917866699690615-1024-1024.webp,https://www.msanchezycia.com.ar/productos/canasto-ropa-red-colores-11hzw/,100,5
702054051,Canasto Ropa Red COLORES,Productos,https://dcdn-us.mitiendanube.com/stores/001/405/077/products/product_photo_retouching_instruc_202608131933-c6c5c620e78798fe1f17866699690361-1024-1024.webp,https://www.msanchezycia.com.ar/productos/canasto-ropa-red-colores-11hzw/,100,6
702054051,Canasto Ropa Red COLORES,Productos,https://dcdn-us.mitiendanube.com/stores/001/405/077/products/photo_retouching_and_relighting__202608131933-825fe2071c7cbd1bcb17866699691425-1024-1024.webp,https://www.msanchezycia.com.ar/productos/canasto-ropa-red-colores-11hzw/,100,7
702054051,Canasto Ropa Red COLORES,Productos,https://dcdn-us.mitiendanube.com/stores/001/405/077/products/photo_retouching_and_relighting__202608131933-1-0de550c82847fc437117866699691181-1024-1024.webp,https://www.msanchezycia.com.ar/productos/canasto-ropa-red-colores-11hzw/,100,8
12010413,Felpudo Coco Goma,Productos,https://dcdn-us.mitiendanube.com/stores/001/405/077/products/photo_retouching_and_relighting__202608131933-7d97538f470a054a7a17866700046189-1024-1024.webp,https://www.msanchezycia.com.ar/productos/felpudo-coco-goma-mfkof/,100,0
12010413,Felpudo Coco Goma,Productos,https://dcdn-us.mitiendanube.com/stores/001/405/077/products/photo_retouching_and_relighting__202608131933-1-5087f8c19d60ebf91c17866700058983-1024-1024.webp,https://www.msanchezycia.com.ar/productos/felpudo-coco-goma-mfkof/,100,1
12010413,Felpudo Coco Goma,Productos,https://dcdn-us.mitiendanube.com/stores/001/405/077/products/product_photo_retouching_instruc_202608131933-2-b0871ae044b166d14117866700074178-1024-1024.webp,https://www.msanchezycia.com.ar/productos/felpudo-coco-goma-mfkof/,100,2
12010413,Felpudo Coco Goma,Productos,https://dcdn-us.mitiendanube.com/stores/001/405/077/products/product_photo_retouching_instruc_202608131933-1809a8dba779cf7b7017866700087769-1024-1024.webp,https://www.msanchezycia.com.ar/productos/felpudo-coco-goma-mfkof/,100,3
203035615,Rep Antihumedad IBERIA,Productos,https://dcdn-us.mitiendanube.com/stores/001/405/077/products/photo_retouching_and_relighting__202608131933-2-fb0c02cd577b21b24117866700295294-1024-1024.webp,https://www.msanchezycia.com.ar/productos/rep-antihumedad-iberia-sk4mw/,100,0
203035615,Rep Antihumedad IBERIA,Productos,https://dcdn-us.mitiendanube.com/stores/001/405/077/products/product_retouching_and_relightin_202608131933-190d9a2779ceebd09517866700293166-1024-1024.webp,https://www.msanchezycia.com.ar/productos/rep-antihumedad-iberia-sk4mw/,100,1
203035615,Rep Antihumedad IBERIA,Productos,https://dcdn-us.mitiendanube.com/stores/001/405/077/products/product_photo_retouching_instruc_202608131933-c352851150f91c3e8617866700295223-1024-1024.webp,https://www.msanchezycia.com.ar/productos/rep-antihumedad-iberia-sk4mw/,100,2